Name,Location,Address,PRICE RANGE,CUISINES,SPECIAL DIETS,Meals,FEATURES,Link,Southern-Italian,Japanese Fusion,Korean,Indonesian,Middle Eastern,Central-Italian,Diner,Steakhouse,Pizza,Southwestern,Wine Bar,Cajun & Creole,Bar,Latin,Seafood,Scottish,Mexican,Singaporean,Central European,Spanish,Deli,Cafe,Barbecue,Gastropub,Italian,Mongolian,Vietnamese,Thai,International,French,Contemporary,Polynesian,German,Afghani,Street Food,Lebanese,Australian,Cuban,Pub,Soups,Fusion,Moroccan,Caribbean,Dining bars,Sushi,Sri Lankan,Portuguese,Malaysian,Asian,British,Mediterranean,Turkish,Healthy,Indian,Irish,Pakistani,Arabic,Sicilian,Japanese,African,Fast Food,Beer restaurants,Fujian,Chinese,European,American,Grill,Dog Friendly,Gift Cards Available,Serves Alcohol,Digital Payments,Accepts Credit Cards,Buffet,Accepts Mastercard,BYOB,Live Music,Family style,Table Service,Takeout,Wheelchair Accessible,Wine and Beer,Full Bar,Accepts Discover,Cash Only,Free off-street parking,Valet Parking,Private Dining,Delivery,Accepts Visa,Television,Highchairs Available,Validated Parking,Reservations,Jazz Bar,Non-smoking restaurants,Free Wifi,Accepts American Express,Street Parking,Beach,Parking Available,Outdoor Seating,Waterfront,Seating,Halal,Vegetarian Friendly,Kosher,Nonveg,Vegan Options,Gluten Free Options,Drinks,Late Night,Lunch,Breakfast,Brunch,Dinner,Budget,Low,Medium,High,cluster
King of the Mambo,"Galle Face Hotel, Colombo 00300 Sri Lanka","Galle Face Hotel, Colombo 00300","[' 2,000 ', '  30,000']","Seafood, International, Grill, Cuban, Latin, Bar","Vegetarian Friendly, Vegan Options, Gluten Free Options","Lunch, Dinner, Brunch","Reservations, Seating, Validated Parking, Serves Alcohol, Full Bar, Table Service, Live Music, Waterfront",https://www.tripadvisor.com/Restaurant_Review-g293962-d15247064-Reviews-King_of_the_Mambo-Colombo_Western_Province.html,0,0,0,0,0,0,0,0,0,0,0,0,1,1,1,0,0,0,0,0,0,0,0,0,0,0,0,0,1,0,0,0,0,0,0,0,0,1,0,0,0,0,0,0,0,0,0,0,0,0,0,0,0,0,0,0,0,0,0,0,0,0,0,0,0,0,1,0,0,1,0,0,0,0,0,1,0,1,0,0,0,1,0,0,0,0,0,0,0,0,0,1,1,0,0,0,0,0,0,0,0,1,1,0,1,0,0,1,1,0,0,1,0,1,1,Medium,0,1,0,1
Sapphyr Lounge,"02 No 01 Galle Face Shangri-La Hotel Colombo, Colombo 00200 Sri Lanka","Galle Face Shangri-La Hotel Colombo, Colombo 00200","[' 2,000 ', '  5,000']","Cafe, International","Vegetarian Friendly, Vegan Options, Gluten Free Options","Breakfast, Lunch, Dinner, Drinks","Reservations, Seating, Parking Available, Validated Parking, Serves Alcohol, Full Bar, Free Wifi, Accepts Credit Cards, Table Service, Free off-street parking",https://www.tripadvisor.com/Restaurant_Review-g293962-d15643402-Reviews-Sapphyr_Lounge-Colombo_Western_Province.html,0,0,0,0,0,0,0,0,0,0,0,0,0,0,0,0,0,0,0,0,0,1,0,0,0,0,0,0,1,0,0,0,0,0,0,0,0,0,0,0,0,0,0,0,0,0,0,0,0,0,0,0,0,0,0,0,0,0,0,0,0,0,0,0,0,0,0,0,0,1,0,1,0,0,0,0,0,1,0,0,0,1,0,0,1,0,0,0,0,0,0,1,1,0,0,1,0,0,0,1,0,0,1,0,1,0,0,1,1,1,0,1,1,0,1,Low,1,0,0,1
Shang Palace,"02 1 Galle Face Shangri-La Hotel, Colombo 00200 Sri Lanka","Galle Face Shangri-La Hotel, Colombo 00200 ","[' 2,000 ', '  30,000']",Chinese,"Vegetarian Friendly, Vegan Options, Gluten Free Options","Lunch, Dinner","Takeout, Reservations, Private Dining, Seating, Parking Available, Validated Parking, Valet Parking, Highchairs Available, Wheelchair Accessible, Serves Alcohol, Full Bar, Free Wifi, Accepts Credit Cards, Table Service",https://www.tripadvisor.com/Restaurant_Review-g293962-d13148335-Reviews-Shang_Palace-Colombo_Western_Province.html,0,0,0,0,0,0,0,0,0,0,0,0,0,0,0,0,0,0,0,0,0,0,0,0,0,0,0,0,0,0,0,0,0,0,0,0,0,0,0,0,0,0,0,0,0,0,0,0,0,0,0,0,0,0,0,0,0,0,0,0,0,0,0,1,0,0,0,0,0,1,0,1,0,0,0,0,0,1,1,1,0,1,0,0,0,1,1,0,0,0,1,1,1,0,0,1,0,0,0,1,0,0,1,0,1,0,0,1,1,0,0,1,0,0,1,Medium,0,1,0,1
"The Ocean, The Kingsbury","48 Janadhipathi Mawatha,, Colombo Sri Lanka","Janadhipathi Mawatha,, Colombo","[' 500 ', '  30,000']","Seafood, Asian, Sri Lankan",Gluten Free Options,"Lunch, Dinner, Late Night","Reservations, Seating, Parking Available, Validated Parking, Valet Parking, Highchairs Available, Wheelchair Accessible, Serves Alcohol, Full Bar, Free Wifi, Accepts Credit Cards, Table Service, Waterfront, Gift Cards Available",https://www.tripadvisor.com/Restaurant_Review-g293962-d3834786-Reviews-The_Ocean_The_Kingsbury-Colombo_Western_Province.html,0,0,0,0,0,0,0,0,0,0,0,0,0,0,1,0,0,0,0,0,0,0,0,0,0,0,0,0,0,0,0,0,0,0,0,0,0,0,0,0,0,0,0,0,0,1,0,0,1,0,0,0,0,0,0,0,0,0,0,0,0,0,0,0,0,0,0,0,1,1,0,1,0,0,0,0,0,1,0,1,0,1,0,0,0,1,0,0,0,0,1,1,1,0,0,1,0,0,0,1,0,1,1,0,0,0,0,0,1,0,1,1,0,0,1,Medium,0,1,0,1
Kings Steakbar,"Janadhipathi Mawatha Kingsbury Hotel, Colombo Sri Lanka","Janadhipathi Mawatha Kingsbury Hotel, Colombo ","[' 2,000 ', '  30,000']","Bar, European","Gluten Free Options, Vegetarian Friendly","Lunch, Dinner","Reservations, Seating, 有泊車位, Wheelchair Accessible, Serves Alcohol, Full Bar, Table Service, Live Music",https://www.tripadvisor.com/Restaurant_Review-g293962-d10798544-Reviews-Kings_Steakbar-Colombo_Western_Province.html,0,0,0,0,0,0,0,0,0,0,0,0,1,0,0,0,0,0,0,0,0,0,0,0,0,0,0,0,0,0,0,0,0,0,0,0,0,0,0,0,0,0,0,0,0,0,0,0,0,0,0,0,0,0,0,0,0,0,0,0,0,0,0,0,1,0,0,0,0,1,0,0,0,0,0,1,0,1,0,1,0,1,0,0,0,0,0,0,0,0,0,0,1,0,0,0,0,0,0,0,0,0,1,0,1,0,0,0,1,0,0,1,0,0,1,Medium,0,1,0,1
L.A.B,"Hilton Colombo 2 Sir Chittampalam a Gardiner MW, Colombo 00200 Sri Lanka","Hilton Colombo 2 Sir Chittampalam a Gardiner MW, Colombo 00200","[' 989 ', '  118,694']","Bar, Cafe, Wine Bar","Vegetarian Friendly, Vegan Options, Gluten Free Options","Lunch, Dinner, Brunch, Drinks, Breakfast","Seating, Parking Available, Validated Parking, Valet Parking, Wheelchair Accessible, Serves Alcohol, Full Bar, Accepts American Express, Accepts Mastercard, Accepts Visa, Free Wifi, Table Service, Reservations, Outdoor Seating, Highchairs Available, Live Music",https://www.tripadvisor.com/Restaurant_Review-g293962-d11769457-Reviews-L_A_B-Colombo_Western_Province.html,0,0,0,0,0,0,0,0,0,0,1,0,1,0,0,0,0,0,0,0,0,1,0,0,0,0,0,0,0,0,0,0,0,0,0,0,0,0,0,0,0,0,0,0,0,0,0,0,0,0,0,0,0,0,0,0,0,0,0,0,0,0,0,0,0,0,0,0,0,1,0,0,0,1,0,1,0,1,0,1,0,1,0,0,0,1,0,0,1,0,1,1,1,0,0,1,1,0,0,1,1,0,1,0,1,0,0,1,1,1,0,1,1,1,1,High,0,0,1,1
Graze Kitchen,"Number 2 Sir Chittampalam A Gardiner Mawatha Hilton Colombo, Colombo 00200 Sri Lanka","Sir Chittampalam A Gardiner Mawatha Hilton Colombo, Colombo 00200","[' 3,363 ', '  5,935']","Italian, Chinese, Indian, International, Sushi, Asian, Sri Lankan","Vegetarian Friendly, Vegan Options, Halal, Gluten Free Options","Breakfast, Lunch, Dinner, Brunch","Reservations, Outdoor Seating, Buffet, Seating, Parking Available, Validated Parking, Valet Parking, Highchairs Available, Wheelchair Accessible, Serves Alcohol, Full Bar, Accepts American Express, Accepts Mastercard, Accepts Visa, Free Wifi, Accepts Credit Cards, Table Service, Live Music",https://www.tripadvisor.com/Restaurant_Review-g293962-d11667290-Reviews-Graze_Kitchen-Colombo_Western_Province.html,0,0,0,0,0,0,0,0,0,0,0,0,0,0,0,0,0,0,0,0,0,0,0,0,1,0,0,0,1,0,0,0,0,0,0,0,0,0,0,0,0,0,0,0,1,1,0,0,1,0,0,0,0,1,0,0,0,0,0,0,0,0,0,1,0,0,0,0,0,1,0,1,1,1,0,1,0,1,0,1,0,1,0,0,0,1,0,0,1,0,1,1,1,0,0,1,1,0,0,1,1,0,1,1,1,0,0,1,1,0,0,1,1,1,1,Medium,0,1,0,1
Capital Bar & Grill,"02 1 Galle Face, Colombo Shangri-La Hotel, Colombo, Colombo 00200 Sri Lanka","Galle Face, Colombo Shangri-La Hotel, Colombo, Colombo 00200 ","[' 1,978 ', '  39,565']","Steakhouse, Bar, European, Grill","Vegetarian Friendly, Vegan Options, Gluten Free Options","Lunch, Dinner","Reservations, Outdoor Seating, Seating, Parking Available, Validated Parking, Valet Parking, Highchairs Available, Wheelchair Accessible, Serves Alcohol, Full Bar, Free Wifi, Accepts Credit Cards, Table Service, Live Music",https://www.tripadvisor.com/Restaurant_Review-g293962-d13170985-Reviews-Capital_Bar_Grill-Colombo_Western_Province.html,0,0,0,0,0,0,0,1,0,0,0,0,1,0,0,0,0,0,0,0,0,0,0,0,0,0,0,0,0,0,0,0,0,0,0,0,0,0,0,0,0,0,0,0,0,0,0,0,0,0,0,0,0,0,0,0,0,0,0,0,0,0,0,0,1,0,1,0,0,1,0,1,0,0,0,1,0,1,0,1,0,1,0,0,0,1,0,0,0,0,1,1,1,0,0,1,0,0,0,1,1,0,1,0,1,0,0,1,1,0,0,1,0,0,1,Medium,0,1,0,1
Nuga Gama,"77 Galle Road, Colombo Sri Lanka","Galle Road, Colombo Sri Lanka","[' 5000 ', '  34,000']","Asian, Sri Lankan","Vegetarian Friendly, Vegan Options, Gluten Free Options","Lunch, Dinner, Late Night","Reservations, Outdoor Seating, Seating, Parking Available, Validated Parking, Valet Parking, Highchairs Available, Wheelchair Accessible, Serves Alcohol, Accepts Credit Cards, Table Service, Live Music",https://www.tripadvisor.com/Restaurant_Review-g293962-d3267177-Reviews-Nuga_Gama-Colombo_Western_Province.html,0,0,0,0,0,0,0,0,0,0,0,0,0,0,0,0,0,0,0,0,0,0,0,0,0,0,0,0,0,0,0,0,0,0,0,0,0,0,0,0,0,0,0,0,0,1,0,0,1,0,0,0,0,0,0,0,0,0,0,0,0,0,0,0,0,0,0,0,0,1,0,1,0,0,0,1,0,1,0,1,0,0,0,0,0,1,0,0,0,0,1,1,1,0,0,0,0,0,0,1,1,0,1,0,1,0,0,1,1,0,1,1,0,0,1,Medium,0,1,0,1
Noodles Restaurant,"Galle Road A2 Cinnamon Grand Colombo, Colombo Sri Lanka","Cinnamon Grand Colombo, Colombo ","[' 1000 ', '  34,000']","Chinese, Asian, Thai, Vietnamese, Healthy, Sri Lankan","Vegetarian Friendly, Vegan Options, Gluten Free Options","Lunch, Dinner","Reservations, Outdoor Seating, Seating, Parking Available, Validated Parking, Valet Parking, Highchairs Available, Wheelchair Accessible, Serves Alcohol, Accepts Credit Cards, Table Service",https://www.tripadvisor.com/Restaurant_Review-g293962-d15685094-Reviews-Noodles_Restaurant-Colombo_Western_Province.html,0,0,0,0,0,0,0,0,0,0,0,0,0,0,0,0,0,0,0,0,0,0,0,0,0,0,1,1,0,0,0,0,0,0,0,0,0,0,0,0,0,0,0,0,0,1,0,0,1,0,0,0,1,0,0,0,0,0,0,0,0,0,0,1,0,0,0,0,0,1,0,1,0,0,0,0,0,1,0,1,0,0,0,0,0,1,0,0,0,0,1,1,1,0,0,0,0,0,0,1,1,0,1,0,1,0,0,1,1,0,0,1,0,0,1,Medium,0,1,0,1
Golden Dragon,"25 Galle Road Taj Hotel, Colombo 01100 Sri Lanka","Galle Road Taj Hotel, Colombo 01100","[' 2,000 ', '  30,000']","Chinese, Asian","Vegetarian Friendly, Vegan Options, Gluten Free Options","Lunch, Dinner","Takeout, Reservations, Private Dining, Seating, Parking Available, Validated Parking, Highchairs Available, Wheelchair Accessible, Serves Alcohol, Full Bar, Accepts Credit Cards, Table Service",https://www.tripadvisor.com/Restaurant_Review-g293962-d2689090-Reviews-Golden_Dragon-Colombo_Western_Province.html,0,0,0,0,0,0,0,0,0,0,0,0,0,0,0,0,0,0,0,0,0,0,0,0,0,0,0,0,0,0,0,0,0,0,0,0,0,0,0,0,0,0,0,0,0,0,0,0,1,0,0,0,0,0,0,0,0,0,0,0,0,0,0,1,0,0,0,0,0,1,0,1,0,0,0,0,0,1,1,1,0,1,0,0,0,0,1,0,0,0,1,1,1,0,0,0,0,0,0,1,0,0,1,0,1,0,0,1,1,0,0,1,0,0,1,Medium,0,1,0,1
Tao,"77 Galle Road Colombo 3, Colombo 00300 Sri Lanka","Galle Road Colombo 3, Colombo 00300","[' 1000 ', '  30 000']","Vegetarian Friendly, Vegan Options, Gluten Free Options","Vegetarian Friendly, Vegan Options, Gluten Free Options",Dinner,"Reservations, Outdoor Seating, Private Dining, Seating, Parking Available, Validated Parking, Valet Parking, Highchairs Available, Wheelchair Accessible, Serves Alcohol, Full Bar, Free Wifi, Accepts Credit Cards, Table Service",https://www.tripadvisor.com/Restaurant_Review-g293962-d6495691-Reviews-Tao-Colombo_Western_Province.html,0,0,0,0,0,0,0,0,0,0,0,0,0,0,0,0,0,0,0,0,0,0,0,0,0,0,0,0,0,0,0,0,0,0,0,0,0,0,0,0,0,0,0,0,0,0,0,0,0,0,0,0,0,0,0,0,0,0,0,0,0,0,0,0,0,0,0,0,0,1,0,1,0,0,0,0,0,1,0,1,0,1,0,0,0,1,1,0,0,0,1,1,1,0,0,1,0,0,0,1,1,0,1,0,1,0,0,1,1,0,0,0,0,0,1,Medium,0,1,0,1
"Harbour Court, The Kingsbury","48 Janadhipathi Mawatha,, Colombo Sri Lanka","Janadhipathi Mawatha,, Colombo ","[' 500 ', '  30,000']","Asian, Sri Lankan","Vegetarian Friendly, Vegan Options, Halal, Gluten Free Options","Breakfast, Lunch, Dinner, Brunch, Late Night","Reservations, Seating, Parking Available, Validated Parking, Valet Parking, Highchairs Available, Wheelchair Accessible, Serves Alcohol, Free Wifi, Accepts Credit Cards, Table Service",https://www.tripadvisor.com/Restaurant_Review-g293962-d4195137-Reviews-Harbour_Court_The_Kingsbury-Colombo_Western_Province.html,0,0,0,0,0,0,0,0,0,0,0,0,0,0,0,0,0,0,0,0,0,0,0,0,0,0,0,0,0,0,0,0,0,0,0,0,0,0,0,0,0,0,0,0,0,1,0,0,1,0,0,0,0,0,0,0,0,0,0,0,0,0,0,0,0,0,0,0,0,1,0,1,0,0,0,0,0,1,0,1,0,0,0,0,0,1,0,0,0,0,1,1,1,0,0,1,0,0,0,1,0,0,1,1,1,0,0,1,1,0,1,1,1,1,1,Medium,0,1,0,1
Ports of Call,"25 Galle Face Center Road, Colombo 00300 Sri Lanka","Galle Face Center Road, Colombo 00300","[' 500 ', '  10,000']",Sri Lankan,"Vegetarian Friendly, Vegan Options, Gluten Free Options","Breakfast, Lunch, Dinner","Reservations, Seating, Parking Available, Validated Parking, Highchairs Available, Wheelchair Accessible, Serves Alcohol, Table Service, Full Bar",https://www.tripadvisor.com/Restaurant_Review-g293962-d14113953-Reviews-Ports_of_Call-Colombo_Western_Province.html,0,0,0,0,0,0,0,0,0,0,0,0,0,0,0,0,0,0,0,0,0,0,0,0,0,0,0,0,0,0,0,0,0,0,0,0,0,0,0,0,0,0,0,0,0,1,0,0,0,0,0,0,0,0,0,0,0,0,0,0,0,0,0,0,0,0,0,0,0,1,0,0,0,0,0,0,0,1,0,1,0,1,0,0,0,0,0,0,0,0,1,1,1,0,0,0,0,0,0,1,0,0,1,0,1,0,0,1,1,0,0,1,1,0,1,Medium,0,1,0,1
Navratna,"Taj Samudra, No. 25, Galle Face Centre Road, Colombo 03, Colombo Sri Lanka","Galle Face Centre Road, Colombo 00300","[' 2,000 ', '  30,000']","Indian, Asian","Vegetarian Friendly, Vegan Options, Halal, Gluten Free Options","Lunch, Dinner","Takeout, Reservations, Seating, Parking Available, Validated Parking, Valet Parking, Highchairs Available, Wheelchair Accessible, Serves Alcohol, Full Bar, Free Wifi, Table Service, Live Music",https://www.tripadvisor.com/Restaurant_Review-g293962-d2654878-Reviews-Navratna-Colombo_Western_Province.html,0,0,0,0,0,0,0,0,0,0,0,0,0,0,0,0,0,0,0,0,0,0,0,0,0,0,0,0,0,0,0,0,0,0,0,0,0,0,0,0,0,0,0,0,0,0,0,0,1,0,0,0,0,1,0,0,0,0,0,0,0,0,0,0,0,0,0,0,0,1,0,0,0,0,0,1,0,1,1,1,0,1,0,0,0,1,0,0,0,0,1,1,1,0,0,1,0,0,0,1,0,0,1,1,1,0,0,1,1,0,0,1,0,0,1,Medium,0,1,0,1
Honey Beach Club,"48 Janadhipathi Mawatha Lobby Level, Ground Floor, Colombo 00100 Sri Lanka","Janadhipathi Mawatha Lobby Level, Ground Floor, Colombo 00100","[' 600 ', '  2,500']","Bar, Pizza, International, Pub, Sri Lankan","Vegetarian Friendly, Vegan Options, Gluten Free Options","Lunch, Dinner","Reservations, Outdoor Seating, Seating, Wheelchair Accessible, Serves Alcohol, Full Bar, Table Service",https://www.tripadvisor.com/Restaurant_Review-g293962-d12922777-Reviews-Honey_Beach_Club-Colombo_Western_Province.html,0,0,0,0,0,0,0,0,1,0,0,0,1,0,0,0,0,0,0,0,0,0,0,0,0,0,0,0,1,0,0,0,0,0,0,0,0,0,1,0,0,0,0,0,0,1,0,0,0,0,0,0,0,0,0,0,0,0,0,0,0,0,0,0,0,0,0,0,0,1,0,0,0,0,0,0,0,1,0,1,0,1,0,0,0,0,0,0,0,0,0,0,1,0,0,0,0,0,0,0,1,0,1,0,1,0,0,1,1,0,0,1,0,0,1,Low,1,0,0,1
Lagoon,"117 Sir Chittampalam A Gardiner Mawatha Cinnamon Grand Colombo, Colombo 00100 Sri Lanka","Sir Chittampalam A Gardiner Mawatha Cinnamon Grand Colombo, Colombo 00100 ","[' 1000 ', '  30 000']","Seafood, Asian, Healthy, Sri Lankan","Halal, Gluten Free Options","Lunch, Dinner, Late Night","Reservations, Outdoor Seating, Seating, Parking Available, Validated Parking, Valet Parking, Highchairs Available, Wheelchair Accessible, Serves Alcohol, Full Bar, Accepts Credit Cards, Table Service",https://www.tripadvisor.com/Restaurant_Review-g293962-d1007094-Reviews-Lagoon-Colombo_Western_Province.html,0,0,0,0,0,0,0,0,0,0,0,0,0,0,1,0,0,0,0,0,0,0,0,0,0,0,0,0,0,0,0,0,0,0,0,0,0,0,0,0,0,0,0,0,0,1,0,0,1,0,0,0,1,0,0,0,0,0,0,0,0,0,0,0,0,0,0,0,0,1,0,1,0,0,0,0,0,1,0,1,0,1,0,0,0,1,0,0,0,0,1,1,1,0,0,0,0,0,0,1,1,0,1,1,0,0,0,0,1,0,1,1,0,0,1,Medium,0,1,0,1
Breeze Bar,"Cinnamon Grand Hotel, Colombo Sri Lanka","Cinnamon Grand Hotel, Colombo","[' 1000 ', '  30 000']","Bar, Pub","Vegetarian Friendly, Vegan Options, Halal, Kosher, Gluten Free Options","Lunch, Dinner, Late Night, Drinks","Takeout, Reservations, Outdoor Seating, Seating, Parking Available, Validated Parking, Valet Parking, Television, Highchairs Available, Wheelchair Accessible, Serves Alcohol, Full Bar, Table Service, Live Music",https://www.tripadvisor.com/Restaurant_Review-g293962-d3443384-Reviews-Breeze_Bar-Colombo_Western_Province.html,0,0,0,0,0,0,0,0,0,0,0,0,1,0,0,0,0,0,0,0,0,0,0,0,0,0,0,0,0,0,0,0,0,0,0,0,0,0,1,0,0,0,0,0,0,0,0,0,0,0,0,0,0,0,0,0,0,0,0,0,0,0,0,0,0,0,0,0,0,1,0,0,0,0,0,1,0,1,1,1,0,1,0,0,0,1,0,0,0,1,1,1,1,0,0,0,0,0,0,1,1,0,1,1,1,1,0,1,1,1,1,1,0,0,1,Medium,0,1,0,1
Echo,"77, Galle Road Cinnamon Grand Hotel, Colombo Sri Lanka","Galle Road Cinnamon Grand Hotel, Colombo ","[' 2,000 ', '  30,000']","Italian, Pizza, European, Sicilian, Southern-Italian","Vegetarian Friendly, Vegan Options, Gluten Free Options","Lunch, Dinner, Late Night","Takeout, Reservations, Seating, Parking Available, Validated Parking, Valet Parking, Highchairs Available, Wheelchair Accessible, Serves Alcohol, Full Bar, Free Wifi, Accepts Credit Cards, Table Service",https://www.tripadvisor.com/Restaurant_Review-g293962-d1544691-Reviews-Echo-Colombo_Western_Province.html,1,0,0,0,0,0,0,0,1,0,0,0,0,0,0,0,0,0,0,0,0,0,0,0,1,0,0,0,0,0,0,0,0,0,0,0,0,0,0,0,0,0,0,0,0,0,0,0,0,0,0,0,0,0,0,0,0,1,0,0,0,0,0,0,1,0,0,0,0,1,0,1,0,0,0,0,0,1,1,1,0,1,0,0,0,1,0,0,0,0,1,1,1,0,0,1,0,0,0,1,0,0,1,0,1,0,0,1,1,0,1,1,0,0,1,Medium,0,1,0,1
Kaema Sutra,"One Galle Face Shangri-La, Colombo 00200 Sri Lanka","One Galle Face Shangri-La, Colombo 00200","[' 500 ', '  10,000']",Sri Lankan,"Vegetarian Friendly, Vegan Options, Gluten Free Options","Dinner, Late Night, Drinks","Takeout, Reservations, Seating, Parking Available, Validated Parking, Valet Parking, Highchairs Available, Wheelchair Accessible, Serves Alcohol, Full Bar, Free Wifi, Accepts Credit Cards, Table Service",https://www.tripadvisor.com/Restaurant_Review-g293962-d6901457-Reviews-Kaema_Sutra-Colombo_Western_Province.html,0,0,0,0,0,0,0,0,0,0,0,0,0,0,0,0,0,0,0,0,0,0,0,0,0,0,0,0,0,0,0,0,0,0,0,0,0,0,0,0,0,0,0,0,0,1,0,0,0,0,0,0,0,0,0,0,0,0,0,0,0,0,0,0,0,0,0,0,0,1,0,1,0,0,0,0,0,1,1,1,0,1,0,0,0,1,0,0,0,0,1,1,1,0,0,1,0,0,0,1,0,0,1,0,1,0,0,1,1,1,1,0,0,0,1,Medium,0,1,0,1
Curry Leaf,"2 Sir Chittampalam A Gardiner Mawatha Fort, Colombo Sri Lanka","Sir Chittampalam A Gardiner Mawatha Fort, Colombo ","[' 500 ', '  10,000']","Seafood, Sri Lankan","Vegetarian Friendly, Vegan Options, Halal, Gluten Free Options","Lunch, Dinner, Late Night","Buffet, Seating, Parking Available, Valet Parking, Wheelchair Accessible, Serves Alcohol, Wine and Beer, Accepts American Express, Accepts Mastercard, Accepts Visa, Free Wifi, Reservations, Outdoor Seating, Validated Parking, Highchairs Available, Full Bar, Accepts Credit Cards, Table Service, Live Music",https://www.tripadvisor.com/Restaurant_Review-g293962-d1132769-Reviews-Curry_Leaf-Colombo_Western_Province.html,0,0,0,0,0,0,0,0,0,0,0,0,0,0,1,0,0,0,0,0,0,0,0,0,0,0,0,0,0,0,0,0,0,0,0,0,0,0,0,0,0,0,0,0,0,1,0,0,0,0,0,0,0,0,0,0,0,0,0,0,0,0,0,0,0,0,0,0,0,1,0,1,1,1,0,1,0,1,0,1,1,1,0,0,0,1,0,0,1,0,1,1,1,0,0,1,1,0,0,1,1,0,1,1,1,0,0,1,1,0,1,1,0,0,1,Medium,0,1,0,1
Il Ponte,"2 Sir Chittampalam A Gardiner Mawatha Fort, Colombo Sri Lanka","Sir Chittampalam A Gardiner Mawatha Fort, Colombo ","[' 1000 ', '  30 000']","Italian, Pizza, Mediterranean, European","Vegetarian Friendly, Vegan Options","Dinner, Brunch, Lunch","Takeout, Outdoor Seating, Seating, Parking Available, Valet Parking, Television, Highchairs Available, Wheelchair Accessible, Serves Alcohol, Full Bar, Wine and Beer, Accepts American Express, Accepts Mastercard, Accepts Visa, Free Wifi, Reservations, Validated Parking, Accepts Credit Cards, Table Service",https://www.tripadvisor.com/Restaurant_Review-g293962-d1133412-Reviews-Il_Ponte-Colombo_Western_Province.html,0,0,0,0,0,0,0,0,1,0,0,0,0,0,0,0,0,0,0,0,0,0,0,0,1,0,0,0,0,0,0,0,0,0,0,0,0,0,0,0,0,0,0,0,0,0,0,0,0,0,1,0,0,0,0,0,0,0,0,0,0,0,0,0,1,0,0,0,0,1,0,1,0,1,0,0,0,1,1,1,1,1,0,0,0,1,0,0,1,1,1,1,1,0,0,1,1,0,0,1,1,0,1,0,1,0,0,1,0,0,0,1,0,1,1,Medium,0,1,0,1
The Dining room at Cinnamon Lakeside Colombo,"115 Sir Chittampalam A. Gardiner Mawatha Cinnamon Lakeside, Colombo 00200 Sri Lanka","Sir Chittampalam A. Gardiner Mawatha Cinnamon Lakeside, Colombo 00200","[' 2,000 ', '  30,000']","International, Asian, Fusion","Vegetarian Friendly, Vegan Options, Gluten Free Options","Breakfast, Lunch, Dinner, Brunch, Late Night","Reservations, Seating, Parking Available, Validated Parking, Valet Parking, Highchairs Available, Wheelchair Accessible, Serves Alcohol, Free Wifi, Accepts Credit Cards, Table Service, Buffet",https://www.tripadvisor.com/Restaurant_Review-g293962-d2424872-Reviews-The_Dining_room_at_Cinnamon_Lakeside_Colombo-Colombo_Western_Province.html,0,0,0,0,0,0,0,0,0,0,0,0,0,0,0,0,0,0,0,0,0,0,0,0,0,0,0,0,1,0,0,0,0,0,0,0,0,0,0,0,1,0,0,0,0,0,0,0,1,0,0,0,0,0,0,0,0,0,0,0,0,0,0,0,0,0,0,0,0,1,0,1,1,0,0,0,0,1,0,1,0,0,0,0,0,1,0,0,0,0,1,1,1,0,0,1,0,0,0,1,0,0,1,0,1,0,0,1,1,0,1,1,1,1,1,Medium,0,1,0,1
Chutneys At Cinnamon Grand Colombo,"77 Galle Road, Colombo 00300 Sri Lanka","Galle Road, Colombo 00300","[' 500 ', '  30,000']","Indian, Asian","Vegetarian Friendly, Vegan Options, Halal, Gluten Free Options","Lunch, Dinner, Brunch, Late Night","Takeout, Reservations, Seating, Parking Available, Validated Parking, Valet Parking, Highchairs Available, Wheelchair Accessible, Serves Alcohol, Accepts Credit Cards, Table Service, Live Music",https://www.tripadvisor.com/Restaurant_Review-g293962-d1874044-Reviews-Chutneys_At_Cinnamon_Grand_Colombo-Colombo_Western_Province.html,0,0,0,0,0,0,0,0,0,0,0,0,0,0,0,0,0,0,0,0,0,0,0,0,0,0,0,0,0,0,0,0,0,0,0,0,0,0,0,0,0,0,0,0,0,0,0,0,1,0,0,0,0,1,0,0,0,0,0,0,0,0,0,0,0,0,0,0,0,1,0,1,0,0,0,1,0,1,1,1,0,0,0,0,0,1,0,0,0,0,1,1,1,0,0,0,0,0,0,1,0,0,1,1,1,0,0,1,1,0,1,1,0,1,1,Medium,0,1,0,1
The London Grill,"77 Galle Road Cinnamon Grand, Colombo 00300 Sri Lanka","Galle Road Cinnamon Grand, Colombo 00300","[' 500 ', '  40,000']","Steakhouse, European, International","Vegetarian Friendly, Vegan Options, Gluten Free Options","Lunch, Dinner, Late Night","Reservations, Seating, Parking Available, Validated Parking, Valet Parking, Wheelchair Accessible, Serves Alcohol, Full Bar, Accepts Credit Cards, Table Service",https://www.tripadvisor.com/Restaurant_Review-g293962-d2458789-Reviews-The_London_Grill-Colombo_Western_Province.html,0,0,0,0,0,0,0,1,0,0,0,0,0,0,0,0,0,0,0,0,0,0,0,0,0,0,0,0,1,0,0,0,0,0,0,0,0,0,0,0,0,0,0,0,0,0,0,0,0,0,0,0,0,0,0,0,0,0,0,0,0,0,0,0,1,0,0,0,0,1,0,1,0,0,0,0,0,1,0,1,0,1,0,0,0,1,0,0,0,0,0,1,1,0,0,0,0,0,0,1,0,0,1,0,1,0,0,1,1,0,1,1,0,0,1,Medium,0,1,0,1
Yue Chuan,"48 Janadhipathi Mawatha, Colombo 00100 Sri Lanka","Janadhipathi Mawatha, Colombo 00100","[' 1000 ', '  30 000']","Chinese, Asian",Vegetarian Friendly,"Lunch, Dinner","Reservations, Private Dining, Seating, Validated Parking, Serves Alcohol, Table Service, Takeout, Free Wifi",https://www.tripadvisor.com/Restaurant_Review-g293962-d5598898-Reviews-Yue_Chuan-Colombo_Western_Province.html,0,0,0,0,0,0,0,0,0,0,0,0,0,0,0,0,0,0,0,0,0,0,0,0,0,0,0,0,0,0,0,0,0,0,0,0,0,0,0,0,0,0,0,0,0,0,0,0,1,0,0,0,0,0,0,0,0,0,0,0,0,0,0,1,0,0,0,0,0,1,0,0,0,0,0,0,0,1,1,0,0,0,0,0,0,0,1,0,0,0,0,1,1,0,0,1,0,0,0,0,0,0,1,0,1,0,0,0,0,0,0,1,0,0,1,Medium,0,1,0,1
Royal Thai - Cinnamon Lakeside,"115 Sir Chittampalam A Gardiner Mawatha Cinnamon Lakeside Colombo, Colombo 00200 Sri Lanka","Sir Chittampalam A Gardiner Mawatha Cinnamon Lakeside Colombo, Colombo 00200 ","[' 1,978 ', '  2,967']","Asian, Thai","Vegetarian Friendly, Vegan Options, Gluten Free Options","Lunch, Dinner, Late Night","Takeout, Reservations, Outdoor Seating, Private Dining, Seating, Parking Available, Validated Parking, Valet Parking, Highchairs Available, Wheelchair Accessible, Serves Alcohol, Full Bar, Free Wifi, Accepts Credit Cards, Table Service",https://www.tripadvisor.com/Restaurant_Review-g293962-d1809583-Reviews-Royal_Thai_Cinnamon_Lakeside-Colombo_Western_Province.html,0,0,0,0,0,0,0,0,0,0,0,0,0,0,0,0,0,0,0,0,0,0,0,0,0,0,0,1,0,0,0,0,0,0,0,0,0,0,0,0,0,0,0,0,0,0,0,0,1,0,0,0,0,0,0,0,0,0,0,0,0,0,0,0,0,0,0,0,0,1,0,1,0,0,0,0,0,1,1,1,0,1,0,0,0,1,1,0,0,0,1,1,1,0,0,1,0,0,0,1,1,0,1,0,1,0,0,1,1,0,1,1,0,0,1,Low,1,0,0,1
Cheers Pub,"77, Galle Road, Colombo 3 Cinnamon Grand Colombo, Colombo Sri Lanka","Cinnamon Grand, Colombo","[' 500 ', '  40,000']","Bar, European, British, Pub","Vegetarian Friendly, Vegan Options, Gluten Free Options","Lunch, Dinner, Brunch, Late Night, Drinks","Reservations, Seating, Parking Available, Validated Parking, Valet Parking, Television, Highchairs Available, Wheelchair Accessible, Serves Alcohol, Full Bar, Accepts Credit Cards, Table Service",https://www.tripadvisor.com/Restaurant_Review-g293962-d5308971-Reviews-Cheers_Pub-Colombo_Western_Province.html,0,0,0,0,0,0,0,0,0,0,0,0,1,0,0,0,0,0,0,0,0,0,0,0,0,0,0,0,0,0,0,0,0,0,0,0,0,0,1,0,0,0,0,0,0,0,0,0,0,1,0,0,0,0,0,0,0,0,0,0,0,0,0,0,1,0,0,0,0,1,0,1,0,0,0,0,0,1,0,1,0,1,0,0,0,1,0,0,0,1,1,1,1,0,0,0,0,0,0,1,0,0,1,0,1,0,0,1,1,1,1,1,0,1,1,Medium,0,1,0,1
Flamingo House,"58 a Horton Place Colombo 7, Colombo Sri Lanka","a Horton Place Colombo 7, Colombo","[' 2,000 ', '  30,000']","Bar, Fusion, European, Asian, Sri Lankan","Vegetarian Friendly, Vegan Options, Gluten Free Options","Lunch, Dinner","Takeout, Reservations, Outdoor Seating, Seating, Parking Available, Street Parking, Validated Parking, Wheelchair Accessible, Serves Alcohol, Full Bar, Wine and Beer, Accepts American Express, Accepts Mastercard, Accepts Visa, Free Wifi, Private Dining, Accepts Credit Cards, Table Service, Highchairs Available",https://www.tripadvisor.com/Restaurant_Review-g293962-d8540285-Reviews-Flamingo_House-Colombo_Western_Province.html,0,0,0,0,0,0,0,0,0,0,0,0,1,0,0,0,0,0,0,0,0,0,0,0,0,0,0,0,0,0,0,0,0,0,0,0,0,0,0,0,1,0,0,0,0,1,0,0,1,0,0,0,0,0,0,0,0,0,0,0,0,0,0,0,1,0,0,0,0,1,0,1,0,1,0,0,0,1,1,1,1,1,0,0,0,0,1,0,1,0,1,1,1,0,0,1,1,1,0,1,1,0,1,0,1,0,0,1,1,0,0,1,0,0,1,Medium,0,1,0,1
Tintagel Colombo - Paradise Road,"65 Rosmead Place Colombo 07, Colombo Sri Lanka","Rosmead Place Colombo 07, Colombo","[' 3,956 ', '  9,891']","European, Fusion, Sri Lankan, Contemporary","Vegetarian Friendly, Vegan Options, Gluten Free Options","Lunch, Dinner","Takeout, Reservations, Outdoor Seating, Seating, Parking Available, Validated Parking, Valet Parking, Television, Highchairs Available, Wheelchair Accessible, Serves Alcohol, Full Bar, Table Service, Live Music",https://www.tripadvisor.com/Restaurant_Review-g293962-d2667381-Reviews-Tintagel_Colombo_Paradise_Road-Colombo_Western_Province.html,0,0,0,0,0,0,0,0,0,0,0,0,0,0,0,0,0,0,0,0,0,0,0,0,0,0,0,0,0,0,1,0,0,0,0,0,0,0,0,0,1,0,0,0,0,1,0,0,0,0,0,0,0,0,0,0,0,0,0,0,0,0,0,0,1,0,0,0,0,1,0,0,0,0,0,1,0,1,1,1,0,1,0,0,0,1,0,0,0,1,1,1,1,0,0,0,0,0,0,1,1,0,1,0,1,0,0,1,1,0,0,1,0,0,1,Medium,0,1,0,1
Botanik Bistro & Roof Top Bar,"1 Fair Way Hotel 7 Hospital Street Colombo Rooftop, Colombo 00100 Sri Lanka","Fair Way Hotel 7 Hospital Street Colombo Rooftop, Colombo 00100 ","[' 2,967 ', '  6,924']","Bar, European, Contemporary","Vegetarian Friendly, Vegan Options, Gluten Free Options","Lunch, Dinner","Reservations, Outdoor Seating, Seating, Wheelchair Accessible, Serves Alcohol, Full Bar, Free Wifi, Table Service, Live Music",https://www.tripadvisor.com/Restaurant_Review-g293962-d12860849-Reviews-Botanik_Bistro_Roof_Top_Bar-Colombo_Western_Province.html,0,0,0,0,0,0,0,0,0,0,0,0,1,0,0,0,0,0,0,0,0,0,0,0,0,0,0,0,0,0,1,0,0,0,0,0,0,0,0,0,0,0,0,0,0,0,0,0,0,0,0,0,0,0,0,0,0,0,0,0,0,0,0,0,1,0,0,0,0,1,0,0,0,0,0,1,0,1,0,1,0,1,0,0,0,0,0,0,0,0,0,0,1,0,0,1,0,0,0,0,1,0,1,0,1,0,0,1,1,0,0,1,0,0,1,Medium,0,1,0,1
Paradise Road The Gallery Cafe,"2 Alfred House Road, Colombo 00300 Sri Lanka","Alfred House Road, Colombo 00300 ","[' 2,374 ', '  10,287']","International, European, British, Sri Lankan","Vegetarian Friendly, Vegan Options, Gluten Free Options","Lunch, Dinner, Brunch, Late Night","Outdoor Seating, Seating, Parking Available, Validated Parking, Wheelchair Accessible, Serves Alcohol, Full Bar, Free Wifi, Accepts Credit Cards, Table Service",https://www.tripadvisor.com/Restaurant_Review-g293962-d802748-Reviews-Paradise_Road_The_Gallery_Cafe-Colombo_Western_Province.html,0,0,0,0,0,0,0,0,0,0,0,0,0,0,0,0,0,0,0,0,0,0,0,0,0,0,0,0,1,0,0,0,0,0,0,0,0,0,0,0,0,0,0,0,0,1,0,0,0,1,0,0,0,0,0,0,0,0,0,0,0,0,0,0,1,0,0,0,0,1,0,1,0,0,0,0,0,1,0,1,0,1,0,0,0,0,0,0,0,0,0,1,0,0,0,1,0,0,0,1,1,0,1,0,1,0,0,1,1,0,1,1,0,1,1,Medium,0,1,0,1
Epicure,"7 65 B Gregory's Road, Colombo Next door to the Swiss Embassy, Colombo 00700 Sri Lanka","B Gregory's Road, Colombo Next door to the Swiss Embassy, Colombo 00700 ","[' 396 ', '  2,374']","Contemporary, Healthy, International, Grill","Vegetarian Friendly, Vegan Options, Gluten Free Options","Lunch, Dinner, Brunch, Late Night","Reservations, Seating, Street Parking, Free off-street parking, Wheelchair Accessible, Free Wifi, Accepts Credit Cards, Table Service, BYOB",https://www.tripadvisor.com/Restaurant_Review-g293962-d12972257-Reviews-Epicure-Colombo_Western_Province.html,0,0,0,0,0,0,0,0,0,0,0,0,0,0,0,0,0,0,0,0,0,0,0,0,0,0,0,0,1,0,1,0,0,0,0,0,0,0,0,0,0,0,0,0,0,0,0,0,0,0,0,0,1,0,0,0,0,0,0,0,0,0,0,0,0,0,1,0,0,0,0,1,0,0,1,0,0,1,0,1,0,0,0,0,1,0,0,0,0,0,0,0,1,0,0,1,0,1,0,0,0,0,1,0,1,0,0,1,1,0,1,1,0,1,1,Low,1,0,0,1
Long Feng – Cinnamon Lakeside,"115 Sir Chittampalam A Gardiner Mawatha Cinnamon Lakeside Colombo, Colombo 00200 Sri Lanka","Sir Chittampalam A Gardiner Mawatha Cinnamon Lakeside Colombo, Colombo 00200 ","[' 2,967 ', '  7,913']","Chinese, Asian","Vegetarian Friendly, Vegan Options, Gluten Free Options","Lunch, Dinner, Late Night","Takeout, Reservations, Outdoor Seating, Private Dining, Seating, Parking Available, Validated Parking, Highchairs Available, Wheelchair Accessible, Serves Alcohol, Full Bar, Free Wifi, Table Service",https://www.tripadvisor.com/Restaurant_Review-g293962-d1023029-Reviews-Long_Feng_Cinnamon_Lakeside-Colombo_Western_Province.html,0,0,0,0,0,0,0,0,0,0,0,0,0,0,0,0,0,0,0,0,0,0,0,0,0,0,0,0,0,0,0,0,0,0,0,0,0,0,0,0,0,0,0,0,0,0,0,0,1,0,0,0,0,0,0,0,0,0,0,0,0,0,0,1,0,0,0,0,0,1,0,0,0,0,0,0,0,1,1,1,0,1,0,0,0,0,1,0,0,0,1,1,1,0,0,1,0,0,0,1,1,0,1,0,1,0,0,1,1,0,1,1,0,0,1,Medium,0,1,0,1
Taprobane,"77, Galle Road, Colombo 3,, Colombo Sri Lanka","Galle Road, Colombo 3,, Colombo ","[' 1000 ', '  30 000']","Asian, Sri Lankan, International","Vegetarian Friendly, Vegan Options, Halal, Gluten Free Options","Breakfast, Lunch, Dinner, Brunch, Late Night","Reservations, Seating, Parking Available, Validated Parking, Valet Parking, Highchairs Available, Wheelchair Accessible, Serves Alcohol, Free Wifi, Accepts Credit Cards, Table Service",https://www.tripadvisor.com/Restaurant_Review-g293962-d2432178-Reviews-Taprobane-Colombo_Western_Province.html,0,0,0,0,0,0,0,0,0,0,0,0,0,0,0,0,0,0,0,0,0,0,0,0,0,0,0,0,1,0,0,0,0,0,0,0,0,0,0,0,0,0,0,0,0,1,0,0,1,0,0,0,0,0,0,0,0,0,0,0,0,0,0,0,0,0,0,0,0,1,0,1,0,0,0,0,0,1,0,1,0,0,0,0,0,1,0,0,0,0,1,1,1,0,0,1,0,0,0,1,0,0,1,1,1,0,0,1,1,0,1,1,1,1,1,Medium,0,1,0,1
Barefoot Garden Cafe,"704 Galle Rd Kollupitiya, Colombo 00300 Sri Lanka","Galle Rd Kollupitiya, Colombo 00300","[' 791 ', '  2,967']","Cafe, Sri Lankan","Vegetarian Friendly, Vegan Options, Gluten Free Options","Breakfast, Lunch, Dinner, Brunch","Reservations, Outdoor Seating, Seating, Parking Available, Highchairs Available, Wheelchair Accessible, Serves Alcohol, Wine and Beer, Free Wifi, Accepts Credit Cards, Table Service, Live Music, Jazz Bar",https://www.tripadvisor.com/Restaurant_Review-g293962-d1132743-Reviews-Barefoot_Garden_Cafe-Colombo_Western_Province.html,0,0,0,0,0,0,0,0,0,0,0,0,0,0,0,0,0,0,0,0,0,1,0,0,0,0,0,0,0,0,0,0,0,0,0,0,0,0,0,0,0,0,0,0,0,1,0,0,0,0,0,0,0,0,0,0,0,0,0,0,0,0,0,0,0,0,0,0,0,1,0,1,0,0,0,1,0,1,0,1,1,0,0,0,0,0,0,0,0,0,1,0,1,1,0,1,0,0,0,1,1,0,1,0,1,0,0,1,1,0,0,1,1,1,1,Low,1,0,0,1
Chambers At Park Street Mews,"48 D, Park Street D, Colombo 00200 Sri Lanka","D, Park Street D, Colombo 00200 ","[' 1000 ', '  30 000']","Lebanese, Moroccan, Middle Eastern, Arabic","Vegetarian Friendly, Vegan Options, Halal","Lunch, Dinner","Takeout, Reservations, Seating, Accepts Credit Cards, Table Service, Outdoor Seating, Highchairs Available, Non-smoking restaurants",https://www.tripadvisor.com/Restaurant_Review-g293962-d14126151-Reviews-Chambers_At_Park_Street_Mews-Colombo_Western_Province.html,0,0,0,0,1,0,0,0,0,0,0,0,0,0,0,0,0,0,0,0,0,0,0,0,0,0,0,0,0,0,0,0,0,0,0,1,0,0,0,0,0,1,0,0,0,0,0,0,0,0,0,0,0,0,0,0,1,0,0,0,0,0,0,0,0,0,0,0,0,0,0,1,0,0,0,0,0,1,1,0,0,0,0,0,0,0,0,0,0,0,1,0,1,0,1,0,0,0,0,0,1,0,1,1,1,0,0,1,0,0,0,1,0,0,1,Medium,0,1,0,1
Monsoon Colombo,"50/2 Park Street Colombo 02, Colombo 00200 Sri Lanka","Park Street Colombo 02, Colombo 00200 ","[' 1,187 ', '  6,924']","Thai, Vietnamese, Malaysian","Vegetarian Friendly, Vegan Options, Gluten Free Options","Lunch, Dinner, Drinks","Reservations, Seating, Wheelchair Accessible, Serves Alcohol, Full Bar, Free Wifi, Accepts Credit Cards, Table Service, Outdoor Seating, Wine and Beer, Gift Cards Available",https://www.tripadvisor.com/Restaurant_Review-g293962-d13163114-Reviews-Monsoon_Colombo-Colombo_Western_Province.html,0,0,0,0,0,0,0,0,0,0,0,0,0,0,0,0,0,0,0,0,0,0,0,0,0,0,1,1,0,0,0,0,0,0,0,0,0,0,0,0,0,0,0,0,0,0,0,1,0,0,0,0,0,0,0,0,0,0,0,0,0,0,0,0,0,0,0,0,1,1,0,1,0,0,0,0,0,1,0,1,1,1,0,0,0,0,0,0,0,0,0,0,1,0,0,1,0,0,0,0,1,0,1,0,1,0,0,1,1,1,0,1,0,0,1,Medium,0,1,0,1
rare at Residence,"20 Park Street Colombo 2, Colombo 00200 Sri Lanka","Park Street Colombo 2, Colombo 00200 ","[' 2,967 ', '  14,837']","International, Fusion, European, Asian, Sri Lankan","Vegetarian Friendly, Gluten Free Options, Vegan Options","Dinner, Brunch, Lunch","Reservations, Seating, Parking Available, Validated Parking, Serves Alcohol, Full Bar, Wine and Beer, Accepts American Express, Accepts Mastercard, Accepts Visa, Free Wifi, Private Dining, Wheelchair Accessible, Accepts Credit Cards, Table Service",https://www.tripadvisor.com/Restaurant_Review-g293962-d8360541-Reviews-Rare_at_Residence-Colombo_Western_Province.html,0,0,0,0,0,0,0,0,0,0,0,0,0,0,0,0,0,0,0,0,0,0,0,0,0,0,0,0,1,0,0,0,0,0,0,0,0,0,0,0,1,0,0,0,0,1,0,0,1,0,0,0,0,0,0,0,0,0,0,0,0,0,0,0,1,0,0,0,0,1,0,1,0,1,0,0,0,1,0,1,1,1,0,0,0,0,1,0,1,0,0,1,1,0,0,1,1,0,0,1,0,0,1,0,1,0,0,1,1,0,0,1,0,1,1,Medium,0,1,0,1
Sugar Bistro & Wine Bar,"Crescat Boulevard, Lobby -L1 Colombo 00300, Colombo Sri Lanka","Crescat Boulevard, Lobby -L1 Colombo 00300, Colombo ","[' 1000 ', '  30 000']","European, Wine Bar","Vegetarian Friendly, Vegan Options, Gluten Free Options","Breakfast, Lunch, Dinner, Brunch, Late Night","Takeout, Reservations, Outdoor Seating, Seating, Parking Available, Highchairs Available, Wheelchair Accessible, Serves Alcohol, Full Bar, Free Wifi, Accepts Credit Cards, Table Service",https://www.tripadvisor.com/Restaurant_Review-g293962-d3600839-Reviews-Sugar_Bistro_Wine_Bar-Colombo_Western_Province.html,0,0,0,0,0,0,0,0,0,0,1,0,1,0,0,0,0,0,0,0,0,0,0,0,0,0,0,0,0,0,0,0,0,0,0,0,0,0,0,0,0,0,0,0,0,0,0,0,0,0,0,0,0,0,0,0,0,0,0,0,0,0,0,0,1,0,0,0,0,1,0,1,0,0,0,0,0,1,1,1,0,1,0,0,0,0,0,0,0,0,1,0,1,0,0,1,0,0,0,1,1,0,1,0,1,0,0,1,1,0,1,1,1,1,1,Medium,0,1,0,1
Ministry of Crab,"Old Dutch Hospital, Colombo Sri Lanka","Old Dutch Hospital, Colombo","[' 6,924 ', '  39,565']","Seafood, Asian, Sri Lankan",Gluten Free Options,"Lunch, Dinner","Reservations, Outdoor Seating, Seating, Highchairs Available, Wheelchair Accessible, Serves Alcohol, Full Bar, Free Wifi, Accepts Credit Cards, Table Service, Live Music",https://www.tripadvisor.com/Restaurant_Review-g293962-d2477739-Reviews-Ministry_of_Crab-Colombo_Western_Province.html,0,0,0,0,0,0,0,0,0,0,0,0,0,0,1,0,0,0,0,0,0,0,0,0,0,0,0,0,0,0,0,0,0,0,0,0,0,0,0,0,0,0,0,0,0,1,0,0,1,0,0,0,0,0,0,0,0,0,0,0,0,0,0,0,0,0,0,0,0,1,0,1,0,0,0,1,0,1,0,1,0,1,0,0,0,0,0,0,0,0,1,0,1,0,0,1,0,0,0,0,1,0,1,0,0,0,0,0,1,0,0,1,0,0,1,Medium,0,1,0,1
Palmyrah Restaurant,"328 Galle Rd Kollupitiya, Colombo 3 Sri Lanka","Galle Rd Kollupitiya, Colombo 3 ","[' 2,967 ', '  3,956']","Asian, Sri Lankan","Vegetarian Friendly, Vegan Options, Gluten Free Options","Lunch, Dinner, Drinks, Breakfast","Takeout, Reservations, Seating, Serves Alcohol, Full Bar, Accepts Credit Cards, Table Service, Parking Available, Highchairs Available",https://www.tripadvisor.com/Restaurant_Review-g293962-d1133594-Reviews-Palmyrah_Restaurant-Colombo_Western_Province.html,0,0,0,0,0,0,0,0,0,0,0,0,0,0,0,0,0,0,0,0,0,0,0,0,0,0,0,0,0,0,0,0,0,0,0,0,0,0,0,0,0,0,0,0,0,1,0,0,1,0,0,0,0,0,0,0,0,0,0,0,0,0,0,0,0,0,0,0,0,1,0,1,0,0,0,0,0,1,1,0,0,1,0,0,0,0,0,0,0,0,1,0,1,0,0,0,0,0,0,1,0,0,1,0,1,0,0,1,1,1,0,1,1,0,1,Low,1,0,0,1
Shanmugas,"06 53/3 Ramakrishna Road Colombo, Colombo 00600 Sri Lanka","Ramakrishna Road Colombo, Colombo 00600","[' 5,935 ', '  15,826']","Indian, Asian","Vegetarian Friendly, Vegan Options, Gluten Free Options","Breakfast, Lunch, Dinner, Brunch","Delivery, Takeout, Seating, Parking Available, Highchairs Available, Wheelchair Accessible, Accepts Credit Cards, Table Service",https://www.tripadvisor.com/Restaurant_Review-g293962-d1117733-Reviews-Shanmugas-Colombo_Western_Province.html,0,0,0,0,0,0,0,0,0,0,0,0,0,0,0,0,0,0,0,0,0,0,0,0,0,0,0,0,0,0,0,0,0,0,0,0,0,0,0,0,0,0,0,0,0,0,0,0,1,0,0,0,0,1,0,0,0,0,0,0,0,0,0,0,0,0,0,0,0,0,0,1,0,0,0,0,0,1,1,1,0,0,0,0,0,0,0,1,0,0,1,0,0,0,0,0,0,0,0,1,0,0,1,0,1,0,0,1,1,0,0,1,1,1,1,Medium,0,1,0,1
AYU,"24 Dharmapala Mawatha 4th Floor, Colombo 00300 Sri Lanka","Dharmapala Mawatha 4th Floor, Colombo 00300","[' 2,967 ', '  8,902']","Indian, European, Asian, Contemporary, Sri Lankan","Vegetarian Friendly, Vegan Options, Gluten Free Options","Breakfast, Lunch, Dinner, Brunch, Late Night, Drinks","Reservations, Buffet, Seating, Parking Available, Validated Parking, Valet Parking, Highchairs Available, Wheelchair Accessible, Serves Alcohol, Full Bar, Wine and Beer, Free Wifi, Table Service",https://www.tripadvisor.com/Restaurant_Review-g293962-d12506507-Reviews-AYU-Colombo_Western_Province.html,0,0,0,0,0,0,0,0,0,0,0,0,0,0,0,0,0,0,0,0,0,0,0,0,0,0,0,0,0,0,1,0,0,0,0,0,0,0,0,0,0,0,0,0,0,1,0,0,1,0,0,0,0,1,0,0,0,0,0,0,0,0,0,0,1,0,0,0,0,1,0,0,1,0,0,0,0,1,0,1,1,1,0,0,0,1,0,0,0,0,1,1,1,0,0,1,0,0,0,1,0,0,1,0,1,0,0,1,1,1,1,1,1,1,1,Medium,0,1,0,1
The Poolside Bar and Terrace,"2 Galle Road Galle Face Hotel, Colombo Sri Lanka","Galle Road Galle Face Hotel, Colombo","[' 1,978 ', '  2,967']","Bar, International, Asian, Sri Lankan","Vegetarian Friendly, Vegan Options","Breakfast, Lunch, Dinner, Brunch, Late Night, Drinks","Outdoor Seating, Seating, Parking Available, Wheelchair Accessible, Reservations, Serves Alcohol, Full Bar, Free Wifi, Table Service, Waterfront",https://www.tripadvisor.com/Restaurant_Review-g293962-d1081462-Reviews-The_Poolside_Bar_and_Terrace-Colombo_Western_Province.html,0,0,0,0,0,0,0,0,0,0,0,0,1,0,0,0,0,0,0,0,0,0,0,0,0,0,0,0,1,0,0,0,0,0,0,0,0,0,0,0,0,0,0,0,0,1,0,0,1,0,0,0,0,0,0,0,0,0,0,0,0,0,0,0,0,0,0,0,0,1,0,0,0,0,0,0,0,1,0,1,0,1,0,0,0,0,0,0,0,0,0,0,1,0,0,1,0,0,0,1,1,1,1,0,1,0,0,1,0,1,1,1,1,1,1,Low,1,0,0,1
Thai Cuisine Boulevard,"33 Queens Road, Colombo 00300 Sri Lanka","Queens Road, Colombo 00300 ","[' 1000 ', '  30 000']","Asian, Thai","Vegetarian Friendly, Vegan Options","Lunch, Dinner","Takeout, Reservations, Private Dining, Seating, Parking Available, Highchairs Available, Wheelchair Accessible, Serves Alcohol, Table Service",https://www.tripadvisor.com/Restaurant_Review-g293962-d3658850-Reviews-Thai_Cuisine_Boulevard-Colombo_Western_Province.html,0,0,0,0,0,0,0,0,0,0,0,0,0,0,0,0,0,0,0,0,0,0,0,0,0,0,0,1,0,0,0,0,0,0,0,0,0,0,0,0,0,0,0,0,0,0,0,0,1,0,0,0,0,0,0,0,0,0,0,0,0,0,0,0,0,0,0,0,0,1,0,0,0,0,0,0,0,1,1,1,0,0,0,0,0,0,1,0,0,0,1,0,1,0,0,0,0,0,0,1,0,0,1,0,1,0,0,1,0,0,0,1,0,0,1,Medium,0,1,0,1
The Bavarian German Restaurant and Pub,"11 Galleface Court Kollupitiya, Colombo 00300 Sri Lanka","Galleface Court Kollupitiya, Colombo 00300","[' 1,780 ', '  5,935']","German, Bar, European, Pub, Central European",Vegetarian Friendly,"Lunch, Dinner, Late Night, Drinks","Takeout, Reservations, Outdoor Seating, Seating, Parking Available, Validated Parking, Television, Highchairs Available, Wheelchair Accessible, Serves Alcohol, Full Bar, Free Wifi, Accepts Credit Cards, Table Service, Live Music",https://www.tripadvisor.com/Restaurant_Review-g293962-d803022-Reviews-The_Bavarian_German_Restaurant_and_Pub-Colombo_Western_Province.html,0,0,0,0,0,0,0,0,0,0,0,0,1,0,0,0,0,0,1,0,0,0,0,0,0,0,0,0,0,0,0,0,1,0,0,0,0,0,1,0,0,0,0,0,0,0,0,0,0,0,0,0,0,0,0,0,0,0,0,0,0,0,0,0,1,0,0,0,0,1,0,1,0,0,0,1,0,1,1,1,0,1,0,0,0,0,0,0,0,1,1,1,1,0,0,1,0,0,0,1,1,0,1,0,1,0,0,0,0,1,1,1,0,0,1,Medium,0,1,0,1
Yumi,"25 Galle Face Centre Road Hotel Taj Samudra, Colombo 00300 Sri Lanka","Galle Face Centre Road Hotel Taj Samudra, Colombo 00300","[' 1000 ', '  30 000']",Japanese,"Vegetarian Friendly, Vegan Options, Gluten Free Options","Lunch, Dinner, Drinks","Takeout, Reservations, Seating, Parking Available, Validated Parking, Valet Parking, Wheelchair Accessible, Serves Alcohol, Full Bar, Free Wifi, Table Service, Live Music",https://www.tripadvisor.com/Restaurant_Review-g293962-d6280242-Reviews-Yumi-Colombo_Western_Province.html,0,0,0,0,0,0,0,0,0,0,0,0,0,0,0,0,0,0,0,0,0,0,0,0,0,0,0,0,0,0,0,0,0,0,0,0,0,0,0,0,0,0,0,0,0,0,0,0,0,0,0,0,0,0,0,0,0,0,1,0,0,0,0,0,0,0,0,0,0,1,0,0,0,0,0,1,0,1,1,1,0,1,0,0,0,1,0,0,0,0,0,1,1,0,0,1,0,0,0,1,0,0,1,0,1,0,0,1,1,1,0,1,0,0,1,Medium,0,1,0,1
Waters Edge,"316 Ethul Kotte Road Battaramulla, Colombo 10100 Sri Lanka","Ethul Kotte Road Battaramulla, Colombo 10100","[' 1000 ', '  30 000']",Sri Lankan,"Vegetarian Friendly, Vegan Options, Gluten Free Options","Lunch, Dinner, Brunch, Late Night, Drinks","Reservations, Outdoor Seating, Private Dining, Seating, Parking Available, Validated Parking, Valet Parking, Highchairs Available, Wheelchair Accessible, Serves Alcohol, Full Bar, Free Wifi, Accepts Credit Cards, Table Service, Live Music, Waterfront",https://www.tripadvisor.com/Restaurant_Review-g293962-d2664837-Reviews-Waters_Edge-Colombo_Western_Province.html,0,0,0,0,0,0,0,0,0,0,0,0,0,0,0,0,0,0,0,0,0,0,0,0,0,0,0,0,0,0,0,0,0,0,0,0,0,0,0,0,0,0,0,0,0,1,0,0,0,0,0,0,0,0,0,0,0,0,0,0,0,0,0,0,0,0,0,0,0,1,0,1,0,0,0,1,0,1,0,1,0,1,0,0,0,1,1,0,0,0,1,1,1,0,0,1,0,0,0,1,1,1,1,0,1,0,0,1,1,1,1,1,0,1,1,Medium,0,1,0,1
The Mango Tree,"No. 82, Dharmapala Mawatha, Colombo Sri Lanka","Dharmapala Mawatha, Colombo","[' 1000 ', '  30 000']","Indian, Asian","Vegetarian Friendly, Vegan Options, Halal, Gluten Free Options","Lunch, Dinner, Late Night","Delivery, Takeout, Reservations, Seating, Parking Available, Highchairs Available, Wheelchair Accessible, Serves Alcohol, Full Bar, Accepts Credit Cards, Table Service",https://www.tripadvisor.com/Restaurant_Review-g293962-d793125-Reviews-The_Mango_Tree-Colombo_Western_Province.html,0,0,0,0,0,0,0,0,0,0,0,0,0,0,0,0,0,0,0,0,0,0,0,0,0,0,0,0,0,0,0,0,0,0,0,0,0,0,0,0,0,0,0,0,0,0,0,0,1,0,0,0,0,1,0,0,0,0,0,0,0,0,0,0,0,0,0,0,0,1,0,1,0,0,0,0,0,1,1,1,0,1,0,0,0,0,0,1,0,0,1,0,1,0,0,0,0,0,0,1,0,0,1,1,1,0,0,1,1,0,1,1,0,0,1,Medium,0,1,0,1
&Co Pub and Kitchen,"The Steuart by Citrus, No 45, Hospital Lane Off Chatham Street, Colombo 00100 Sri Lanka","Hospital Lane Off Chatham Street, Colombo 00100","[' 1000 ', '  30 000']","Bar, Pub","Vegetarian Friendly, Gluten Free Options, Vegan Options","Breakfast, Lunch, Dinner, Brunch, Late Night, Drinks","Reservations, Seating, Television, Wheelchair Accessible, Serves Alcohol, Full Bar, Free Wifi, Table Service, Parking Available, Live Music",https://www.tripadvisor.com/Restaurant_Review-g293962-d8685062-Reviews-Co_Pub_and_Kitchen-Colombo_Western_Province.html,0,0,0,0,0,0,0,0,0,0,0,0,1,0,0,0,0,0,0,0,0,0,0,0,0,0,0,0,0,0,0,0,0,0,0,0,0,0,1,0,0,0,0,0,0,0,0,0,0,0,0,0,0,0,0,0,0,0,0,0,0,0,0,0,0,0,0,0,0,1,0,0,0,0,0,1,0,1,0,1,0,1,0,0,0,0,0,0,0,1,0,0,1,0,0,1,0,0,0,1,0,0,1,0,1,0,0,1,1,1,1,1,1,1,1,Medium,0,1,0,1
Revolution Colombo,"No.230, 7 Torrington Ave Trillium Boutique City Hotel - Colombo, Colombo 00700 Sri Lanka","Trillium Boutique City Hotel , Colombo 00700","[' 1,000 ', '  4,500']","Mexican, Bar, International, European, Fusion","Vegetarian Friendly, Vegan Options, Gluten Free Options","Lunch, Dinner, Drinks","Serves Alcohol, Table Service, Reservations, Seating, Parking Available, Valet Parking, Full Bar, Wine and Beer",https://www.tripadvisor.com/Restaurant_Review-g293962-d19911498-Reviews-Revolution_Colombo-Colombo_Western_Province.html,0,0,0,0,0,0,0,0,0,0,0,0,1,0,0,0,1,0,0,0,0,0,0,0,0,0,0,0,1,0,0,0,0,0,0,0,0,0,0,0,1,0,0,0,0,0,0,0,0,0,0,0,0,0,0,0,0,0,0,0,0,0,0,0,1,0,0,0,0,1,0,0,0,0,0,0,0,1,0,0,1,1,0,0,0,1,0,0,0,0,0,0,1,0,0,0,0,0,0,1,0,0,1,0,1,0,0,1,1,1,0,1,0,0,1,Low,1,0,0,1
Cricket Club Cafe,"12 Flower Road, Colombo 00700 Sri Lanka","Flower Road, Colombo 00700 ","[' 1000 ', '  30 000']","Bar, European, Pub, Australian","Vegetarian Friendly, Vegan Options, Gluten Free Options","Lunch, Dinner, Brunch, Late Night","Takeout, Reservations, Outdoor Seating, Seating, Television, Highchairs Available, Serves Alcohol, Full Bar, Accepts Credit Cards, Table Service",https://www.tripadvisor.com/Restaurant_Review-g293962-d1132767-Reviews-Cricket_Club_Cafe-Colombo_Western_Province.html,0,0,0,0,0,0,0,0,0,0,0,0,1,0,0,0,0,0,0,0,0,0,0,0,0,0,0,0,0,0,0,0,0,0,0,0,1,0,1,0,0,0,0,0,0,0,0,0,0,0,0,0,0,0,0,0,0,0,0,0,0,0,0,0,1,0,0,0,0,1,0,1,0,0,0,0,0,1,1,0,0,1,0,0,0,0,0,0,0,1,1,0,1,0,0,0,0,0,0,0,1,0,1,0,1,0,0,1,1,0,1,1,0,1,1,Medium,0,1,0,1
ColomBar at Cinnamon Lakeside Colombo,"115 Sir Chittampalam A. Gardiner Mawatha, Colombo 00200 Sri Lanka","Sir Chittampalam A. Gardiner Mawatha, Colombo 00200","[' 1000 ', '  10 000']","Bar, Indian, International, Mediterranean, European",Vegetarian Friendly,"Dinner, Late Night, Drinks","Reservations, Outdoor Seating, Seating, Parking Available, Wheelchair Accessible, Serves Alcohol, Full Bar, Validated Parking, Free Wifi, Table Service, Live Music, Waterfront",https://www.tripadvisor.com/Restaurant_Review-g293962-d2424874-Reviews-ColomBar_at_Cinnamon_Lakeside_Colombo-Colombo_Western_Province.html,0,0,0,0,0,0,0,0,0,0,0,0,1,0,0,0,0,0,0,0,0,0,0,0,0,0,0,0,1,0,0,0,0,0,0,0,0,0,0,0,0,0,0,0,0,0,0,0,0,0,1,0,0,1,0,0,0,0,0,0,0,0,0,0,1,0,0,0,0,1,0,0,0,0,0,1,0,1,0,1,0,1,0,0,0,0,0,0,0,0,0,1,1,0,0,1,0,0,0,1,1,1,1,0,1,0,0,0,0,1,1,0,0,0,1,Medium,0,1,0,1
Thalis,"155 Park Road Colombo 05, Colombo Sri Lanka"," Park Road Colombo 05, Colombo ","[' 1000 ', '  10 000']","Indian, Asian","Vegetarian Friendly, Vegan Options, Gluten Free Options","Lunch, Dinner, Brunch","Delivery, Takeout, Reservations, Seating, Parking Available, Highchairs Available, Wheelchair Accessible, Table Service",https://www.tripadvisor.com/Restaurant_Review-g293962-d9605460-Reviews-Thalis-Colombo_Western_Province.html,0,0,0,0,0,0,0,0,0,0,0,0,0,0,0,0,0,0,0,0,0,0,0,0,0,0,0,0,0,0,0,0,0,0,0,0,0,0,0,0,0,0,0,0,0,0,0,0,1,0,0,0,0,1,0,0,0,0,0,0,0,0,0,0,0,0,0,0,0,0,0,0,0,0,0,0,0,1,1,1,0,0,0,0,0,0,0,1,0,0,1,0,1,0,0,0,0,0,0,1,0,0,1,0,1,0,0,1,1,0,0,1,0,1,1,Medium,0,1,0,1
The Manhattan Fish Market Sri Lanka,"No. 31 Deal Place, Colombo 00300 Sri Lanka","Deal Place, Colombo 00300 ","[' 1000 ', '  30 000']",Seafood,Halal,"Lunch, Dinner, Late Night","Takeout, Reservations, Seating, Parking Available, Table Service",https://www.tripadvisor.com/Restaurant_Review-g293962-d4309640-Reviews-The_Manhattan_Fish_Market_Sri_Lanka-Colombo_Western_Province.html,0,0,0,0,0,0,0,0,0,0,0,0,0,0,1,0,0,0,0,0,0,0,0,0,0,0,0,0,0,0,0,0,0,0,0,0,0,0,0,0,0,0,0,0,0,0,0,0,0,0,0,0,0,0,0,0,0,0,0,0,0,0,0,0,0,0,0,0,0,0,0,0,0,0,0,0,0,1,1,0,0,0,0,0,0,0,0,0,0,0,0,0,1,0,0,0,0,0,0,1,0,0,1,1,0,0,0,0,0,0,1,1,0,0,1,Medium,0,1,0,1
Raja Bojun,"282 R,A, De Mel Mawatha Liberty Arcade, Kollupitiya, Colombo 00300 Sri Lanka","R,A, De Mel Mawatha Liberty Arcade, Kollupitiya, Colombo 00300","[' 1000 ', '  10 000']","Asian, Sri Lankan","Vegetarian Friendly, Vegan Options","Lunch, Dinner, Brunch, Late Night","Reservations, Seating, Parking Available, Highchairs Available, Wheelchair Accessible, Serves Alcohol, Accepts Credit Cards, Table Service, Validated Parking, Live Music, Waterfront",https://www.tripadvisor.com/Restaurant_Review-g293962-d793129-Reviews-Raja_Bojun-Colombo_Western_Province.html,0,0,0,0,0,0,0,0,0,0,0,0,0,0,0,0,0,0,0,0,0,0,0,0,0,0,0,0,0,0,0,0,0,0,0,0,0,0,0,0,0,0,0,0,0,1,0,0,1,0,0,0,0,0,0,0,0,0,0,0,0,0,0,0,0,0,0,0,0,1,0,1,0,0,0,1,0,1,0,1,0,0,0,0,0,0,0,0,0,0,1,1,1,0,0,0,0,0,0,1,0,1,1,0,1,0,0,1,0,0,1,1,0,1,1,Medium,0,1,0,1
Nihonbashi,"Galle Face Terrace, Colombo Sri Lanka","Galle Face Terrace, Colombo ","[' 1000 ', '  10 000']","Japanese, Sushi, Asian",Vegetarian Friendly,"Lunch, Dinner, Late Night","Takeout, Reservations, Private Dining, Seating, Serves Alcohol, Full Bar, Table Service",https://www.tripadvisor.com/Restaurant_Review-g293962-d1007096-Reviews-Nihonbashi-Colombo_Western_Province.html,0,0,0,0,0,0,0,0,0,0,0,0,0,0,0,0,0,0,0,0,0,0,0,0,0,0,0,0,0,0,0,0,0,0,0,0,0,0,0,0,0,0,0,0,1,0,0,0,1,0,0,0,0,0,0,0,0,0,1,0,0,0,0,0,0,0,0,0,0,1,0,0,0,0,0,0,0,1,1,0,0,1,0,0,0,0,1,0,0,0,0,0,1,0,0,0,0,0,0,0,0,0,1,0,1,0,0,0,0,0,1,1,0,0,1,Medium,0,1,0,1
Crab Factory,"25, Galle Face Center Road, Colombo Sri Lanka","Galle Face Center Road, Colombo 00300","[' 4,000 ', '  16,000']","Seafood, Asian, Sri Lankan","Vegetarian Friendly, Vegan Options, Gluten Free Options","Lunch, Dinner","Reservations, Seating, Wheelchair Accessible, Serves Alcohol, Table Service",https://www.tripadvisor.com/Restaurant_Review-g293962-d13567894-Reviews-Crab_Factory-Colombo_Western_Province.html,0,0,0,0,0,0,0,0,0,0,0,0,0,0,1,0,0,0,0,0,0,0,0,0,0,0,0,0,0,0,0,0,0,0,0,0,0,0,0,0,0,0,0,0,0,1,0,0,1,0,0,0,0,0,0,0,0,0,0,0,0,0,0,0,0,0,0,0,0,1,0,0,0,0,0,0,0,1,0,1,0,0,0,0,0,0,0,0,0,0,0,0,1,0,0,0,0,0,0,0,0,0,1,0,1,0,0,1,1,0,0,1,0,0,1,Medium,0,1,0,1
Beach Wadiya,"2 Station Ave Wellawatta, Colombo 00600 Sri Lanka","Station Ave Wellawatta, Colombo 00600","[' 2,967 ', '  5,935']",Sri Lankan,Vegetarian Friendly,"Lunch, Dinner, Late Night, Drinks","Reservations, Outdoor Seating, Seating, Serves Alcohol, Full Bar, Accepts American Express, Accepts Mastercard, Accepts Visa, Accepts Credit Cards, Table Service, Waterfront, Beach",https://www.tripadvisor.com/Restaurant_Review-g293962-d1132747-Reviews-Beach_Wadiya-Colombo_Western_Province.html,0,0,0,0,0,0,0,0,0,0,0,0,0,0,0,0,0,0,0,0,0,0,0,0,0,0,0,0,0,0,0,0,0,0,0,0,0,0,0,0,0,0,0,0,0,1,0,0,0,0,0,0,0,0,0,0,0,0,0,0,0,0,0,0,0,0,0,0,0,1,0,1,0,1,0,0,0,1,0,0,0,1,0,0,0,0,0,0,1,0,0,0,1,0,0,0,1,0,1,0,1,1,1,0,1,0,0,0,0,1,1,1,0,0,1,Medium,0,1,0,1
Cloud Cafe,"32 Alfred House Avenue Colombo Courtyard, Colombo 00300 Sri Lanka","Alfred House Avenue Colombo Courtyard, Colombo 00300","[' 593 ', '  2,967']","Bar, Fusion","Vegetarian Friendly, Vegan Options","Dinner, Late Night, Drinks","Reservations, Outdoor Seating, Seating, Parking Available, Serves Alcohol, Full Bar, Table Service, Live Music",https://www.tripadvisor.com/Restaurant_Review-g293962-d3635026-Reviews-Cloud_Cafe-Colombo_Western_Province.html,0,0,0,0,0,0,0,0,0,0,0,0,1,0,0,0,0,0,0,0,0,0,0,0,0,0,0,0,0,0,0,0,0,0,0,0,0,0,0,0,1,0,0,0,0,0,0,0,0,0,0,0,0,0,0,0,0,0,0,0,0,0,0,0,0,0,0,0,0,1,0,0,0,0,0,1,0,1,0,0,0,1,0,0,0,0,0,0,0,0,0,0,1,0,0,0,0,0,0,1,1,0,1,0,1,0,0,1,0,1,1,0,0,0,1,Low,1,0,0,1
California Grill,"Hotel Galadari, 64, Lotus Road, Colombo Sri Lanka","Hotel Galadari, Lotus Road, Colombo ","[' 1,978 ', '  2,967']","Seafood, International, European, Grill",Vegetarian Friendly,"Dinner, Lunch","Reservations, Seating, Parking Available, Validated Parking, Full Bar, Private Dining, Wheelchair Accessible, Serves Alcohol, Table Service",https://www.tripadvisor.com/Restaurant_Review-g293962-d1113764-Reviews-California_Grill-Colombo_Western_Province.html,0,0,0,0,0,0,0,0,0,0,0,0,0,0,1,0,0,0,0,0,0,0,0,0,0,0,0,0,1,0,0,0,0,0,0,0,0,0,0,0,0,0,0,0,0,0,0,0,0,0,0,0,0,0,0,0,0,0,0,0,0,0,0,0,1,0,1,0,0,1,0,0,0,0,0,0,0,1,0,1,0,1,0,0,0,0,1,0,0,0,0,1,1,0,0,0,0,0,0,1,0,0,1,0,1,0,0,0,0,0,0,1,0,0,1,Low,1,0,0,1
Culture Colombo,"No 25 Kensington Gardens, Colombo 00400 Sri Lanka","Kensington Gardens, Colombo 00400","[' 500 ', '  4,500']","Asian, Sri Lankan, Fusion","Vegetarian Friendly, Vegan Options, Gluten Free Options","Lunch, Dinner, Brunch","Takeout, Reservations, Outdoor Seating, Private Dining, Seating, Parking Available, Accepts Credit Cards, Table Service, Wine and Beer, Free Wifi",https://www.tripadvisor.com/Restaurant_Review-g293962-d15111352-Reviews-Culture_Colombo-Colombo_Western_Province.html,0,0,0,0,0,0,0,0,0,0,0,0,0,0,0,0,0,0,0,0,0,0,0,0,0,0,0,0,0,0,0,0,0,0,0,0,0,0,0,0,1,0,0,0,0,1,0,0,1,0,0,0,0,0,0,0,0,0,0,0,0,0,0,0,0,0,0,0,0,0,0,1,0,0,0,0,0,1,1,0,1,0,0,0,0,0,1,0,0,0,0,0,1,0,0,1,0,0,0,1,1,0,1,0,1,0,0,1,1,0,0,1,0,1,1,Low,1,0,0,1
Paradise Road Cafe,"213 Dharmapala Mawatha Cinnamon Gardens, Colombo Sri Lanka","Dharmapala Mawatha Cinnamon Gardens, Colombo ","[' 700 ', '  20 000']","Cafe, European",Vegetarian Friendly,"Lunch, Breakfast, Dinner","Outdoor Seating, Seating, Parking Available, Validated Parking, Wheelchair Accessible, Serves Alcohol, Full Bar, Free Wifi, Accepts Credit Cards, Table Service",https://www.tripadvisor.com/Restaurant_Review-g293962-d1133596-Reviews-Paradise_Road_Cafe-Colombo_Western_Province.html,0,0,0,0,0,0,0,0,0,0,0,0,0,0,0,0,0,0,0,0,0,1,0,0,0,0,0,0,0,0,0,0,0,0,0,0,0,0,0,0,0,0,0,0,0,0,0,0,0,0,0,0,0,0,0,0,0,0,0,0,0,0,0,0,1,0,0,0,0,1,0,1,0,0,0,0,0,1,0,1,0,1,0,0,0,0,0,0,0,0,0,1,0,0,0,1,0,0,0,1,1,0,1,0,1,0,0,0,0,0,0,1,1,0,1,Medium,0,1,0,1
Next Innings,"Old Dutch Hospital, Colombo Sri Lanka","Old Dutch Hospital, Colombo ","[' 800 ', '  20 000']","Bar, Pub, Pizza","Vegetarian Friendly, Vegan Options, Gluten Free Options",Dinner,"Seating, Television, Serves Alcohol, Table Service, Reservations, Live Music",https://www.tripadvisor.com/Restaurant_Review-g293962-d15645176-Reviews-Next_Innings-Colombo_Western_Province.html,0,0,0,0,0,0,0,0,1,0,0,0,1,0,0,0,0,0,0,0,0,0,0,0,0,0,0,0,0,0,0,0,0,0,0,0,0,0,1,0,0,0,0,0,0,0,0,0,0,0,0,0,0,0,0,0,0,0,0,0,0,0,0,0,0,0,0,0,0,1,0,0,0,0,0,1,0,1,0,0,0,0,0,0,0,0,0,0,0,1,0,0,1,0,0,0,0,0,0,0,0,0,1,0,1,0,0,1,1,0,0,0,0,0,1,Medium,0,1,0,1
The Grill - The Kingsbury,"The Kingsbury Janadhipathi Mawatha, Colombo Sri Lanka","The Kingsbury Janadhipathi Mawatha, Colombo","[' 1000 ', '  20 000']",European,"Vegetarian Friendly, Vegan Options","Dinner, Lunch, Brunch","Reservations, Seating, Table Service, Highchairs Available, Serves Alcohol",https://www.tripadvisor.com/Restaurant_Review-g293962-d11700027-Reviews-The_Grill_The_Kingsbury-Colombo_Western_Province.html,0,0,0,0,0,0,0,0,0,0,0,0,0,0,0,0,0,0,0,0,0,0,0,0,0,0,0,0,0,0,0,0,0,0,0,0,0,0,0,0,0,0,0,0,0,0,0,0,0,0,0,0,0,0,0,0,0,0,0,0,0,0,0,0,1,0,0,0,0,1,0,0,0,0,0,0,0,1,0,0,0,0,0,0,0,0,0,0,0,0,1,0,1,0,0,0,0,0,0,0,0,0,1,0,1,0,0,1,0,0,0,1,0,1,1,Medium,0,1,0,1
The 1864,"2 Galle Road, Colombo 00300 Sri Lanka","Galle Road, Colombo 00300","[' 1000 ', '  20 000']",European,Vegetarian Friendly,Dinner,"Reservations, Seating, Parking Available, Serves Alcohol, Table Service, Private Dining, Validated Parking, Valet Parking, Full Bar",https://www.tripadvisor.com/Restaurant_Review-g293962-d1132601-Reviews-The_1864-Colombo_Western_Province.html,0,0,0,0,0,0,0,0,0,0,0,0,0,0,0,0,0,0,0,0,0,0,0,0,0,0,0,0,0,0,0,0,0,0,0,0,0,0,0,0,0,0,0,0,0,0,0,0,0,0,0,0,0,0,0,0,0,0,0,0,0,0,0,0,1,0,0,0,0,1,0,0,0,0,0,0,0,1,0,0,0,1,0,0,0,1,1,0,0,0,0,1,1,0,0,0,0,0,0,1,0,0,1,0,1,0,0,0,0,0,0,0,0,0,1,Medium,0,1,0,1
Shelton Sea Food Restaurant,"43/16 College Avenue, Dehiwala-Mount Lavinia Sri Lanka","College Avenue, Dehiwala-Mount Lavinia","[' 1000 ', '  20 000']","Sri Lankan, Seafood, Asian","Vegetarian Friendly, Vegan Options","Breakfast, Lunch, Brunch, Dinner","Reservations, Outdoor Seating, Seating, Serves Alcohol, Table Service",https://www.tripadvisor.com/Restaurant_Review-g293962-d11808380-Reviews-Shelton_Sea_Food_Restaurant-Colombo_Western_Province.html,0,0,0,0,0,0,0,0,0,0,0,0,0,0,1,0,0,0,0,0,0,0,0,0,0,0,0,0,0,0,0,0,0,0,0,0,0,0,0,0,0,0,0,0,0,1,0,0,1,0,0,0,0,0,0,0,0,0,0,0,0,0,0,0,0,0,0,0,0,1,0,0,0,0,0,0,0,1,0,0,0,0,0,0,0,0,0,0,0,0,0,0,1,0,0,0,0,0,0,0,1,0,1,0,1,0,0,1,0,0,0,1,1,1,1,Medium,0,1,0,1
Agra,"100/10 Sri Lanka Foundation Mw Off Independence Avenue,, Colombo Sri Lanka","Sri Lanka Foundation Mw Off Independence Avenue,, Colombo","[' 1000 ', '  20 000']","Indian, Asian","Vegetarian Friendly, Vegan Options, Halal","Lunch, Dinner, Late Night","Takeout, Reservations, Private Dining, Seating, Parking Available, Wheelchair Accessible, Table Service, Serves Alcohol, Full Bar, Live Music",https://www.tripadvisor.com/Restaurant_Review-g293962-d1008005-Reviews-Agra-Colombo_Western_Province.html,0,0,0,0,0,0,0,0,0,0,0,0,0,0,0,0,0,0,0,0,0,0,0,0,0,0,0,0,0,0,0,0,0,0,0,0,0,0,0,0,0,0,0,0,0,0,0,0,1,0,0,0,0,1,0,0,0,0,0,0,0,0,0,0,0,0,0,0,0,1,0,0,0,0,0,1,0,1,1,1,0,1,0,0,0,0,1,0,0,0,0,0,1,0,0,0,0,0,0,1,0,0,1,1,1,0,0,1,0,0,1,1,0,0,1,Medium,0,1,0,1
Nara Thai Sri Lanka,"03 #3, Deal Place, Colombo, Colombo 00300 Sri Lanka","Deal Place, Colombo, Colombo 00300 ","[' 600 ', '  20 000']","Asian, Thai, Soups","Vegetarian Friendly, Vegan Options, Halal, Gluten Free Options","Lunch, Dinner","Takeout, Reservations, Seating, Parking Available, Validated Parking, Highchairs Available, Free Wifi, Accepts Credit Cards, Table Service",https://www.tripadvisor.com/Restaurant_Review-g293962-d10539402-Reviews-Nara_Thai_Sri_Lanka-Colombo_Western_Province.html,0,0,0,0,0,0,0,0,0,0,0,0,0,0,0,0,0,0,0,0,0,0,0,0,0,0,0,1,0,0,0,0,0,0,0,0,0,0,0,1,0,0,0,0,0,0,0,0,1,0,0,0,0,0,0,0,0,0,0,0,0,0,0,0,0,0,0,0,0,0,0,1,0,0,0,0,0,1,1,0,0,0,0,0,0,0,0,0,0,0,1,1,1,0,0,1,0,0,0,1,0,0,1,1,1,0,0,1,1,0,0,1,0,0,1,Medium,0,1,0,1
The Avenue,"No. 24 Alfred Avenue, Colombo 00300 Sri Lanka","Alfred Avenue, Colombo 00300 ","[' 1,978 ', '  19,782']","Steakhouse, American, European","Vegetarian Friendly, Vegan Options, Halal, Gluten Free Options","Lunch, Dinner, Drinks","Reservations, Outdoor Seating, Private Dining, Seating, Parking Available, Serves Alcohol, Full Bar, Table Service, Street Parking, Wine and Beer, Accepts Credit Cards, Family style",https://www.tripadvisor.com/Restaurant_Review-g293962-d19366620-Reviews-The_Avenue-Colombo_Western_Province.html,0,0,0,0,0,0,0,1,0,0,0,0,0,0,0,0,0,0,0,0,0,0,0,0,0,0,0,0,0,0,0,0,0,0,0,0,0,0,0,0,0,0,0,0,0,0,0,0,0,0,0,0,0,0,0,0,0,0,0,0,0,0,0,0,1,1,0,0,0,1,0,1,0,0,0,0,1,1,0,0,1,1,0,0,0,0,1,0,0,0,0,0,1,0,0,0,0,1,0,1,1,0,1,1,1,0,0,1,1,1,0,1,0,0,1,Medium,0,1,0,1
Baillie Street Merchants,"15 Mudalige Mawatha, Colombo Fort, Colombo 00100 Sri Lanka","Mudalige Mawatha, Colombo Fort, Colombo 00100","[' 1000 ', '  20 000']","Steakhouse, Bar, European, Sri Lankan",Vegan Options,"Dinner, Late Night, Drinks","Reservations, Seating, Serves Alcohol, Full Bar, Accepts Credit Cards, Table Service, Parking Available, Valet Parking, Free off-street parking, Wine and Beer",https://www.tripadvisor.com/Restaurant_Review-g293962-d15314665-Reviews-Baillie_Street_Merchants-Colombo_Western_Province.html,0,0,0,0,0,0,0,1,0,0,0,0,1,0,0,0,0,0,0,0,0,0,0,0,0,0,0,0,0,0,0,0,0,0,0,0,0,0,0,0,0,0,0,0,0,1,0,0,0,0,0,0,0,0,0,0,0,0,0,0,0,0,0,0,1,0,0,0,0,1,0,1,0,0,0,0,0,1,0,0,1,1,0,0,1,1,0,0,0,0,0,0,1,0,0,0,0,0,0,1,0,0,1,0,0,0,0,1,0,1,1,0,0,0,1,Medium,0,1,0,1
Tsukiji Uoichi,"No. 30, Arcade Independence Square, Independence Square 1F Clock Tower Bldg., Colombo Sri Lanka","Arcade Independence Square, Independence Square 1F Clock Tower Bldg., Colombo ","[' 1,978 ', '  5,935']","Sushi, Japanese, Asian, Seafood",Vegan Options,"Lunch, Dinner, Drinks","Takeout, Reservations, Seating, Parking Available, Validated Parking, Serves Alcohol, Full Bar, Wine and Beer, Accepts American Express, Accepts Mastercard, Accepts Visa, Table Service, Highchairs Available, Accepts Credit Cards",https://www.tripadvisor.com/Restaurant_Review-g293962-d7219450-Reviews-Tsukiji_Uoichi-Colombo_Western_Province.html,0,0,0,0,0,0,0,0,0,0,0,0,0,0,1,0,0,0,0,0,0,0,0,0,0,0,0,0,0,0,0,0,0,0,0,0,0,0,0,0,0,0,0,0,1,0,0,0,1,0,0,0,0,0,0,0,0,0,1,0,0,0,0,0,0,0,0,0,0,1,0,1,0,1,0,0,0,1,1,0,1,1,0,0,0,0,0,0,1,0,1,1,1,0,0,0,1,0,0,1,0,0,1,0,0,0,0,1,0,1,0,1,0,0,1,Medium,0,1,0,1
Asylum Restaurant & Lounge Bar,"Arcade Independence Square, Colombo 07, Colombo Sri Lanka","Arcade Independence Square, Colombo 07, Colombo ","[' 1000 ', '  20 000']","Bar, European, Fusion","Vegan Options, Vegetarian Friendly","Lunch, Dinner, Drinks","Takeout, Reservations, Outdoor Seating, Seating, Parking Available, Wheelchair Accessible, Serves Alcohol, Full Bar, Accepts American Express, Accepts Mastercard, Accepts Visa, Free Wifi, Table Service, Live Music",https://www.tripadvisor.com/Restaurant_Review-g293962-d7202025-Reviews-Asylum_Restaurant_Lounge_Bar-Colombo_Western_Province.html,0,0,0,0,0,0,0,0,0,0,0,0,1,0,0,0,0,0,0,0,0,0,0,0,0,0,0,0,0,0,0,0,0,0,0,0,0,0,0,0,1,0,0,0,0,0,0,0,0,0,0,0,0,0,0,0,0,0,0,0,0,0,0,0,1,0,0,0,0,1,0,0,0,1,0,1,0,1,1,1,0,1,0,0,0,0,0,0,1,0,0,0,1,0,0,1,1,0,0,1,1,0,1,0,1,0,0,1,0,1,0,1,0,0,1,Medium,0,1,0,1
Grand Monarch,"527/7, Borella Road, Thalawathugoda, Colombo 10116 Sri Lanka","Borella Road, Thalawathugoda, Colombo 10116 ","[' 1000 ', '  40 000']","Chinese, Indian, International, Fusion, Wine Bar","Vegetarian Friendly, Vegan Options, Gluten Free Options","Lunch, Dinner, Brunch, Drinks","Takeout, Reservations, Seating, Parking Available, Validated Parking, Television, Highchairs Available, Table Service, BYOB",https://www.tripadvisor.com/Restaurant_Review-g293962-d8333177-Reviews-Grand_Monarch-Colombo_Western_Province.html,0,0,0,0,0,0,0,0,0,0,1,0,1,0,0,0,0,0,0,0,0,0,0,0,0,0,0,0,1,0,0,0,0,0,0,0,0,0,0,0,1,0,0,0,0,0,0,0,0,0,0,0,0,1,0,0,0,0,0,0,0,0,0,1,0,0,0,0,0,0,0,0,0,0,1,0,0,1,1,0,0,0,0,0,0,0,0,0,0,1,1,1,1,0,0,0,0,0,0,1,0,0,1,0,1,0,0,1,1,1,0,1,0,1,1,Medium,0,1,0,1
The Verandah,"3 2 Galle Road, Colombo Galle Face Hotel, Colombo 00300 Sri Lanka","Galle Road, Colombo Galle Face Hotel, Colombo 00300 ","[' 1000 ', '  20 000']","Sri Lankan, Barbecue, Asian",Vegan Options,"Breakfast, Lunch, Dinner","Reservations, Seating, Parking Available, Wheelchair Accessible, Table Service, Outdoor Seating, Highchairs Available, Waterfront",https://www.tripadvisor.com/Restaurant_Review-g293962-d12505869-Reviews-The_Verandah-Colombo_Western_Province.html,0,0,0,0,0,0,0,0,0,0,0,0,1,0,0,0,0,0,0,0,0,0,1,0,0,0,0,0,0,0,0,0,0,0,0,0,0,0,0,0,0,0,0,0,0,1,0,0,1,0,0,0,0,0,0,0,0,0,0,0,0,0,0,0,0,0,0,0,0,0,0,0,0,0,0,0,0,1,0,1,0,0,0,0,0,0,0,0,0,0,1,0,1,0,0,0,0,0,0,1,1,1,1,0,0,0,0,1,0,0,0,1,1,0,1,Medium,0,1,0,1
Flag & Whistle Restarant & Pub,"15 256, Srimath Ramanathan Mawatha, Colombo 5th floor, Setmil Maritime Centre, Colombo 01500 Sri Lanka","Srimath Ramanathan Mawatha, Colombo 5th floor, Setmil Maritime Centre, Colombo 01500 ","[' 1000 ', '  20 000']","Bar, Pub, International, European, Fusion",Vegetarian Friendly,"Dinner, Lunch, Late Night","Reservations, Outdoor Seating, Seating, Parking Available, Validated Parking, Serves Alcohol, Full Bar, Takeout, Television, Highchairs Available, Table Service, Live Music",https://www.tripadvisor.com/Restaurant_Review-g293962-d795555-Reviews-Flag_Whistle_Restarant_Pub-Colombo_Western_Province.html,0,0,0,0,0,0,0,0,0,0,0,0,1,0,0,0,0,0,0,0,0,0,0,0,0,0,0,0,1,0,0,0,0,0,0,0,0,0,1,0,1,0,0,0,0,0,0,0,0,0,0,0,0,0,0,0,0,0,0,0,0,0,0,0,1,0,0,0,0,1,0,0,0,0,0,1,0,1,1,0,0,1,0,0,0,0,0,0,0,1,1,1,1,0,0,0,0,0,0,1,1,0,1,0,1,0,0,0,0,0,1,1,0,0,1,Medium,0,1,0,1
Ward 7,"57 Ward Place Roof Top, Jetwing Colombo Seven, Colombo 00700 Sri Lanka","Ward Place Roof Top, Jetwing Colombo Seven, Colombo 00700 ","[' 1000 ', '  20 000']",Pub,"Vegetarian Friendly, Vegan Options, Gluten Free Options","Dinner, Lunch, Brunch, Late Night, Drinks","Reservations, Seating, Serves Alcohol, Table Service, Outdoor Seating, Television, Highchairs Available, Wheelchair Accessible, Wine and Beer, Accepts Credit Cards",https://www.tripadvisor.com/Restaurant_Review-g293962-d12840221-Reviews-Ward_7-Colombo_Western_Province.html,0,0,0,0,0,0,0,0,0,0,0,0,0,0,0,0,0,0,0,0,0,0,0,0,0,0,0,0,0,0,0,0,0,0,0,0,0,0,1,0,0,0,0,0,0,0,0,0,0,0,0,0,0,0,0,0,0,0,0,0,0,0,0,0,0,0,0,0,0,1,0,1,0,0,0,0,0,1,0,1,1,0,0,0,0,0,0,0,0,1,1,0,1,0,0,0,0,0,0,0,1,0,1,0,1,0,0,1,1,1,1,1,0,1,1,Medium,0,1,0,1
88 Chinese Seafood House,"No 98/1 Havelock Road, Colombo 00300 Sri Lanka","Havelock Road, Colombo 00300","[' 1000 ', '  40 000']","Chinese, Asian, Seafood","Vegetarian Friendly, Vegan Options, Gluten Free Options","Dinner, Lunch, Late Night","Takeout, Reservations, Seating, Delivery, Serves Alcohol",https://www.tripadvisor.com/Restaurant_Review-g293962-d2139877-Reviews-88_Chinese_Seafood_House-Colombo_Western_Province.html,0,0,0,0,0,0,0,0,0,0,0,0,0,0,1,0,0,0,0,0,0,0,0,0,0,0,0,0,0,0,0,0,0,0,0,0,0,0,0,0,0,0,0,0,0,0,0,0,1,0,0,0,0,0,0,0,0,0,0,0,0,0,0,1,0,0,0,0,0,1,0,0,0,0,0,0,0,0,1,0,0,0,0,0,0,0,0,1,0,0,0,0,1,0,0,0,0,0,0,0,0,0,1,0,1,0,0,1,1,0,1,1,0,0,1,Medium,0,1,0,1
Travellers' Bar,"2 Galle Road, Colombo Sri Lanka","Galle Road, Colombo","[' 989 ', '  2,967']","Bar, Pub","Vegetarian Friendly, Vegan Options, Gluten Free Options","Lunch, Dinner, Late Night, Drinks","Serves Alcohol, Reservations, Seating, Wheelchair Accessible, Table Service",https://www.tripadvisor.com/Restaurant_Review-g293962-d12523607-Reviews-Travellers_Bar-Colombo_Western_Province.html,0,0,0,0,0,0,0,0,0,0,0,0,1,0,0,0,0,0,0,0,0,0,0,0,0,0,0,0,0,0,0,0,0,0,0,0,0,0,1,0,0,0,0,0,0,0,0,0,0,0,0,0,0,0,0,0,0,0,0,0,0,0,0,0,0,0,0,0,0,1,0,0,0,0,0,0,0,1,0,1,0,0,0,0,0,0,0,0,0,0,0,0,1,0,0,0,0,0,0,0,0,0,1,0,1,0,0,1,1,1,1,1,0,0,1,Low,1,0,0,1
The Four Leafed Clover,"168 Maya Avenue, Colombo 00500 Sri Lanka","Maya Avenue, Colombo 00500","[' 1,000 ', '  6,000']","Irish, Bar, European",Vegetarian Friendly,"Lunch, Dinner, Late Night, Drinks","Reservations, Outdoor Seating, Seating, Parking Available, Validated Parking, Serves Alcohol, Full Bar, Takeout, Television, Highchairs Available, Table Service, Live Music",https://www.tripadvisor.com/Restaurant_Review-g293962-d14807732-Reviews-The_Four_Leafed_Clover-Colombo_Western_Province.html,0,0,0,0,0,0,0,0,0,0,0,0,1,0,0,0,0,0,0,0,0,0,0,0,0,0,0,0,0,0,0,0,0,0,0,0,0,0,0,0,0,0,0,0,0,0,0,0,0,0,0,0,0,0,1,0,0,0,0,0,0,0,0,0,1,0,0,0,0,1,0,0,0,0,0,1,0,1,1,0,0,1,0,0,0,0,0,0,0,1,1,1,1,0,0,0,0,0,0,1,1,0,1,0,1,0,0,0,0,1,1,1,0,0,1,Medium,0,1,0,1
The Floor By O!,"41 3/1 Maitland Crescent, Colombo 7, Colombo Sri Lanka","Maitland Crescent, Colombo 7, Colombo","[' 989 ', '  2,967']","Bar, Pub","Vegetarian Friendly, Vegan Options, Gluten Free Options","Dinner, Late Night, Drinks","Reservations, Seating, Serves Alcohol, Full Bar, Table Service, Television, Live Music",https://www.tripadvisor.com/Restaurant_Review-g293962-d4574296-Reviews-The_Floor_By_O-Colombo_Western_Province.html,0,0,0,0,0,0,0,0,0,0,0,0,1,0,0,0,0,0,0,0,0,0,0,0,0,0,0,0,0,0,0,0,0,0,0,0,0,0,1,0,0,0,0,0,0,0,0,0,0,0,0,0,0,0,0,0,0,0,0,0,0,0,0,0,0,0,0,0,0,1,0,0,0,0,0,1,0,1,0,0,0,1,0,0,0,0,0,0,0,1,0,0,1,0,0,0,0,0,0,0,0,0,1,0,1,0,0,1,1,1,1,0,0,0,1,Low,1,0,0,1
Berlin Sky Lounge,"101/11 Hunupitiya Lake Road, Colombo 02. The Goldblock, 7th floor, Colombo 00200 Sri Lanka","Hunupitiya Lake Road, Colombo 02. The Goldblock, 7th floor, Colombo 00200 ","[' 989 ', '  2,967']","Steakhouse, German, Fast Food, Grill, European, Pub","Vegetarian Friendly, Vegan Options, Gluten Free Options","Dinner, Late Night, Drinks","Reservations, Outdoor Seating, Seating, Parking Available, Validated Parking, Serves Alcohol, Full Bar, Takeout, Television, Highchairs Available, Table Service, Live Music",https://www.tripadvisor.com/Restaurant_Review-g293962-d10637279-Reviews-Berlin_Sky_Lounge-Colombo_Western_Province.html,0,0,0,0,0,0,0,1,0,0,0,0,0,0,0,0,0,0,0,0,0,0,0,0,0,0,0,0,0,0,0,0,1,0,0,0,0,0,1,0,0,0,0,0,0,0,0,0,0,0,0,0,0,0,0,0,0,0,0,0,1,0,0,0,1,0,1,0,0,1,0,0,0,0,0,1,0,1,1,0,0,1,0,0,0,0,0,0,0,1,1,1,1,0,0,0,0,0,0,1,1,0,1,0,1,0,0,1,1,1,1,0,0,0,1,Low,1,0,0,1
Siam House Thai Restaurant,"No 17, Melbourne Ave, Colombo 4 Sri Lanka","Melbourne Ave, Colombo 4 ","[' 9,891 ', '  19,782']","Asian, Thai","Vegetarian Friendly, Vegan Options","Breakfast, Lunch, Dinner, Brunch, Late Night, Drinks","Reservations, Outdoor Seating, Seating, Parking Available, Validated Parking, Serves Alcohol, Full Bar, Takeout, Television, Highchairs Available, Table Service, Live Music",https://www.tripadvisor.com/Restaurant_Review-g293962-d817470-Reviews-Siam_House_Thai_Restaurant-Colombo_Western_Province.html,0,0,0,0,0,0,0,0,0,0,0,0,0,0,0,0,0,0,0,0,0,0,0,0,0,0,0,1,0,0,0,0,0,0,0,0,0,0,0,0,0,0,0,0,0,0,0,0,1,0,0,0,0,0,0,0,0,0,0,0,0,0,0,0,0,0,0,0,0,1,0,0,0,0,0,1,0,1,1,0,0,1,0,0,0,0,0,0,0,1,1,1,1,0,0,0,0,0,0,1,1,0,1,0,1,0,0,1,0,1,1,1,1,1,1,Medium,0,1,0,1
Streat 360 Restaurant,"66/3 Ward Place, Colombo 00000 Sri Lanka","Ward Place, Colombo 00000 ","[' 1000 ', '  20 000']","International, Asian",Vegetarian Friendly,"Lunch, Dinner, Brunch","Reservations, Outdoor Seating, Seating, Parking Available, Validated Parking, Serves Alcohol, Full Bar, Takeout, Television, Highchairs Available, Table Service, Live Music",https://www.tripadvisor.com/Restaurant_Review-g293962-d6924215-Reviews-Streat_360_Restaurant-Colombo_Western_Province.html,0,0,0,0,0,0,0,0,0,0,0,0,0,0,0,0,0,0,0,0,0,0,0,0,0,0,0,0,1,0,0,0,0,0,0,0,0,0,0,0,0,0,0,0,0,0,0,0,1,0,0,0,0,0,0,0,0,0,0,0,0,0,0,0,0,0,0,0,0,1,0,0,0,0,0,1,0,1,1,0,0,1,0,0,0,0,0,0,0,1,1,1,1,0,0,0,0,0,0,1,1,0,1,0,1,0,0,0,0,0,0,1,0,1,1,Medium,0,1,0,1
Xilaton Chinese Restaurant,"Havelock Road Colombo 5, Colombo Sri Lanka","Havelock Road Colombo 5, Colombo","[' 1000 ', '  40 000']","Chinese, Asian",Vegetarian Friendly,"Lunch, Dinner","Outdoor Seating, Seating, Serves Alcohol, Full Bar, Reservations, Parking Available, Wheelchair Accessible, Table Service",https://www.tripadvisor.com/Restaurant_Review-g293962-d3213858-Reviews-Xilaton_Chinese_Restaurant-Colombo_Western_Province.html,0,0,0,0,0,0,0,0,0,0,0,0,0,0,0,0,0,0,0,0,0,0,0,0,0,0,0,0,0,0,0,0,0,0,0,0,0,0,0,0,0,0,0,0,0,0,0,0,1,0,0,0,0,0,0,0,0,0,0,0,0,0,0,1,0,0,0,0,0,1,0,0,0,0,0,0,0,1,0,1,0,1,0,0,0,0,0,0,0,0,0,0,1,0,0,0,0,0,0,1,1,0,1,0,1,0,0,0,0,0,0,1,0,0,1,Medium,0,1,0,1
German Artisan Bakery and Deli,"461, Thimbirigasyaya Road Colombo 5, Colombo Sri Lanka","Thimbirigasyaya Road Colombo 5, Colombo","[' 500 ', '  40 000']",Cafe,Vegetarian Friendly,"Breakfast, Lunch, Brunch","Outdoor Seating, Seating, Serves Alcohol, Full Bar, Reservations, Parking Available, Wheelchair Accessible, Table Service",https://www.tripadvisor.com/Restaurant_Review-g293962-d8474658-Reviews-German_Artisan_Bakery_and_Deli-Colombo_Western_Province.html,0,0,0,0,0,0,0,0,0,0,0,0,0,0,0,0,0,0,0,0,0,1,0,0,0,0,0,0,0,0,0,0,0,0,0,0,0,0,0,0,0,0,0,0,0,0,0,0,0,0,0,0,0,0,0,0,0,0,0,0,0,0,0,0,0,0,0,0,0,1,0,0,0,0,0,0,0,1,0,1,0,1,0,0,0,0,0,0,0,0,0,0,1,0,0,0,0,0,0,1,1,0,1,0,1,0,0,0,0,0,0,1,1,1,0,Medium,0,1,0,1
Manhattan Fish Market,"Rajagiriya Jayewardenepura Kotte, Colombo Sri Lanka","Rajagiriya Jayewardenepura Kotte, Colombo","[' 500 ', '  40 000']",Seafood,"Vegetarian Friendly, Vegan Options, Gluten Free Options","Dinner, Lunch","Takeout, Reservations, Seating, Parking Available, Table Service",https://www.tripadvisor.com/Restaurant_Review-g293962-d6774653-Reviews-Manhattan_Fish_Market-Colombo_Western_Province.html,0,0,0,0,0,0,0,0,0,0,0,0,0,0,1,0,0,0,0,0,0,0,0,0,0,0,0,0,0,0,0,0,0,0,0,0,0,0,0,0,0,0,0,0,0,0,0,0,0,0,0,0,0,0,0,0,0,0,0,0,0,0,0,0,0,0,0,0,0,0,0,0,0,0,0,0,0,1,1,0,0,0,0,0,0,0,0,0,0,0,0,0,1,0,0,0,0,0,0,1,0,0,1,0,1,0,0,1,1,0,0,1,0,0,1,Medium,0,1,0,1
Verandah Bistro & Bar at Hilton Colombo Residences,"200 Union Place Colombo, Sri Lanka 02, Colombo Sri Lanka","Union Place Colombo, Sri Lanka 02, Colombo","[' 989 ', '  2,967']","Bar, Fast Food, European, Pub","Vegetarian Friendly, Vegan Options, Gluten Free Options","Breakfast, Lunch, Dinner","Reservations, Seating, Wheelchair Accessible, Serves Alcohol, Table Service",https://www.tripadvisor.com/Restaurant_Review-g293962-d2216881-Reviews-Verandah_Bistro_Bar_at_Hilton_Colombo_Residences-Colombo_Western_Province.html,0,0,0,0,0,0,0,0,0,0,0,0,1,0,0,0,0,0,0,0,0,0,0,0,0,0,0,0,0,0,0,0,0,0,0,0,0,0,1,0,0,0,0,0,0,0,0,0,0,0,0,0,0,0,0,0,0,0,0,0,1,0,0,0,1,0,0,0,0,1,0,0,0,0,0,0,0,1,0,1,0,0,0,0,0,0,0,0,0,0,0,0,1,0,0,0,0,0,0,0,0,0,1,0,1,0,0,1,1,0,0,1,1,0,1,Low,1,0,0,1
ON14 Rooftop Bar,"No. 36-38, Clifford Place Marine Drive, Wellawatta, Colombo Sri Lanka","Clifford Place Marine Drive, Wellawatta, Colombo","[' 500 ', '  40 000']",Bar,"Vegetarian Friendly, Vegan Options, Gluten Free Options",Dinner,"Outdoor Seating, Seating, Serves Alcohol, Full Bar, Reservations, Parking Available, Wheelchair Accessible, Table Service",https://www.tripadvisor.com/Restaurant_Review-g293962-d8177884-Reviews-ON14_Rooftop_Bar-Colombo_Western_Province.html,0,0,0,0,0,0,0,0,0,0,0,0,1,0,0,0,0,0,0,0,0,0,0,0,0,0,0,0,0,0,0,0,0,0,0,0,0,0,0,0,0,0,0,0,0,0,0,0,0,0,0,0,0,0,0,0,0,0,0,0,0,0,0,0,0,0,0,0,0,1,0,0,0,0,0,0,0,1,0,1,0,1,0,0,0,0,0,0,0,0,0,0,1,0,0,0,0,0,0,1,1,0,1,0,1,0,0,1,1,0,0,0,0,0,1,Medium,0,1,0,1
Yue Chuen,"48 Janadhipathi Mawatha, Colombo 00100 Sri Lanka","Janadhipathi Mawatha, Colombo 00100","[' 1000 ', '  40 000']","Chinese, Asian","Vegetarian Friendly, Vegan Options, Gluten Free Options","Dinner, Lunch","Reservations, Seating, Serves Alcohol, Takeout, Wheelchair Accessible, Table Service",https://www.tripadvisor.com/Restaurant_Review-g293962-d4294952-Reviews-Yue_Chuen-Colombo_Western_Province.html,0,0,0,0,0,0,0,0,0,0,0,0,0,0,0,0,0,0,0,0,0,0,0,0,0,0,0,0,0,0,0,0,0,0,0,0,0,0,0,0,0,0,0,0,0,0,0,0,1,0,0,0,0,0,0,0,0,0,0,0,0,0,0,1,0,0,0,0,0,1,0,0,0,0,0,0,0,1,1,1,0,0,0,0,0,0,0,0,0,0,0,0,1,0,0,0,0,0,0,0,0,0,1,0,1,0,0,1,1,0,0,1,0,0,1,Medium,0,1,0,1
Shandong the Chinese Kitchen,"1092 Sri Jayawardenapura Mw, Rajagiriya, Colombo 01100 Sri Lanka","Sri Jayawardenapura Mw, Rajagiriya, Colombo 01100 ","[' 1000 ', '  40 000']","Chinese, Asian, Fusion","Vegetarian Friendly, Vegan Options","Lunch, Dinner","Outdoor Seating, Seating, Serves Alcohol, Full Bar, Reservations, Parking Available, Wheelchair Accessible, Table Service",https://www.tripadvisor.com/Restaurant_Review-g293962-d7963912-Reviews-Shandong_the_Chinese_Kitchen-Colombo_Western_Province.html,0,0,0,0,0,0,0,0,0,0,0,0,0,0,0,0,0,0,0,0,0,0,0,0,0,0,0,0,0,0,0,0,0,0,0,0,0,0,0,0,1,0,0,0,0,0,0,0,1,0,0,0,0,0,0,0,0,0,0,0,0,0,0,1,0,0,0,0,0,1,0,0,0,0,0,0,0,1,0,1,0,1,0,0,0,0,0,0,0,0,0,0,1,0,0,0,0,0,0,1,1,0,1,0,1,0,0,1,0,0,0,1,0,0,1,Medium,0,1,0,1
The Irish Bar & Grill,"63 Park Street, Colombo 00200 Sri Lanka","Park Street, Colombo 00200 ","[' 989 ', '  2,967']","Irish, Bar, Pub",Vegetarian Friendly,"Lunch, Dinner, Brunch, Late Night, Drinks","Outdoor Seating, Seating, Serves Alcohol, Full Bar, Reservations, Parking Available, Wheelchair Accessible, Table Service",https://www.tripadvisor.com/Restaurant_Review-g293962-d15119792-Reviews-The_Irish_Bar_Grill-Colombo_Western_Province.html,0,0,0,0,0,0,0,0,0,0,0,0,1,0,0,0,0,0,0,0,0,0,0,0,0,0,0,0,0,0,0,0,0,0,0,0,0,0,1,0,0,0,0,0,0,0,0,0,0,0,0,0,0,0,1,0,0,0,0,0,0,0,0,0,0,0,0,0,0,1,0,0,0,0,0,0,0,1,0,1,0,1,0,0,0,0,0,0,0,0,0,0,1,0,0,0,0,0,0,1,1,0,1,0,1,0,0,0,0,1,1,1,0,1,1,Low,1,0,0,1
"Barista, World Trade Center","Level 3, World Trade Centre, Colombo 00100 Sri Lanka","World Trade Centre, Colombo 00100","[' 396 ', '  1,385']","Cafe, Italian, American, Asian","Vegetarian Friendly, Vegan Options","Dinner, Lunch, Late Night","Outdoor Seating, Seating, Serves Alcohol, Full Bar, Reservations, Parking Available, Wheelchair Accessible, Table Service",https://www.tripadvisor.com/Restaurant_Review-g293962-d11749248-Reviews-Barista_World_Trade_Center-Colombo_Western_Province.html,0,0,0,0,0,0,0,0,0,0,0,0,0,0,0,0,0,0,0,0,0,1,0,0,1,0,0,0,0,0,0,0,0,0,0,0,0,0,0,0,0,0,0,0,0,0,0,0,1,0,0,0,0,0,0,0,0,0,0,0,0,0,0,0,0,1,0,0,0,1,0,0,0,0,0,0,0,1,0,1,0,1,0,0,0,0,0,0,0,0,0,0,1,0,0,0,0,0,0,1,1,0,1,0,1,0,0,1,0,0,1,1,0,0,1,Low,1,0,0,1
Tasty Caterers,"88 Fife Road, Colombo 00500 Sri Lanka","Fife Road, Colombo 00500 ","[' 500 ', '  40 000']","Sri Lankan, Asian","Vegetarian Friendly, Vegan Options","Breakfast, Lunch, Dinner","Outdoor Seating, Seating, Serves Alcohol, Full Bar, Reservations, Parking Available, Wheelchair Accessible, Table Service",https://www.tripadvisor.com/Restaurant_Review-g293962-d7720995-Reviews-Tasty_Caterers-Colombo_Western_Province.html,0,0,0,0,0,0,0,0,0,0,0,0,0,0,0,0,0,0,0,0,0,0,0,0,0,0,0,0,0,0,0,0,0,0,0,0,0,0,0,0,0,0,0,0,0,1,0,0,1,0,0,0,0,0,0,0,0,0,0,0,0,0,0,0,0,0,0,0,0,1,0,0,0,0,0,0,0,1,0,1,0,1,0,0,0,0,0,0,0,0,0,0,1,0,0,0,0,0,0,1,1,0,1,0,1,0,0,1,0,0,0,1,1,0,1,Medium,0,1,0,1
Sunlight Garden Chinese Seafood Restaurant,"No.21, Abdul Cafoor Mawatha, Colombo Sri Lanka","Abdul Cafoor Mawatha, Colombo","[' 1000 ', '  40 000']","Chinese, Asian, Seafood",Vegetarian Friendly,"Lunch, Dinner","Outdoor Seating, Seating, Serves Alcohol, Full Bar, Reservations, Parking Available, Wheelchair Accessible, Table Service",https://www.tripadvisor.com/Restaurant_Review-g293962-d3931406-Reviews-Sunlight_Garden_Chinese_Seafood_Restaurant-Colombo_Western_Province.html,0,0,0,0,0,0,0,0,0,0,0,0,0,0,1,0,0,0,0,0,0,0,0,0,0,0,0,0,0,0,0,0,0,0,0,0,0,0,0,0,0,0,0,0,0,0,0,0,1,0,0,0,0,0,0,0,0,0,0,0,0,0,0,1,0,0,0,0,0,1,0,0,0,0,0,0,0,1,0,1,0,1,0,0,0,0,0,0,0,0,0,0,1,0,0,0,0,0,0,1,1,0,1,0,1,0,0,0,0,0,0,1,0,0,1,Medium,0,1,0,1
Peppermint Cafe,"76 Wijerama Mawatha, Colombo 00700 Sri Lanka","Wijerama Mawatha, Colombo 00700 ","[' 1,000 ', '  2,500']","American, Cafe, Asian, British, Arabic","Vegetarian Friendly, Vegan Options, Gluten Free Options","Late Night, Drinks","Takeout, Reservations, Outdoor Seating, Seating, Parking Available, Highchairs Available, Free Wifi, Accepts Credit Cards, Dog Friendly, Family style",https://www.tripadvisor.com/Restaurant_Review-g293962-d15322678-Reviews-Peppermint_Cafe-Colombo_Western_Province.html,0,0,0,0,0,0,0,0,0,0,0,0,0,0,0,0,0,0,0,0,0,1,0,0,0,0,0,0,0,0,0,0,0,0,0,0,0,0,0,0,0,0,0,0,0,0,0,0,1,1,0,0,0,0,0,0,1,0,0,0,0,0,0,0,0,1,0,1,0,0,0,1,0,0,0,0,1,0,1,0,0,0,0,0,0,0,0,0,0,0,1,0,1,0,0,1,0,0,0,1,1,0,1,0,1,0,0,1,1,1,1,0,0,0,0,Low,1,0,0,1
The Exchange Restaurant + Pub,"39 4/1, Canal Row, Colombo 00100 Sri Lanka","Canal Row, Colombo 00100 ","[' 500 ', '  40 000']","Pub, Chinese, Bar, European, Asian, Sri Lankan","Vegetarian Friendly, Vegan Options, Gluten Free Options","Dinner, Lunch, Late Night, Drinks","Reservations, Table Service, Outdoor Seating, Seating, Serves Alcohol, Wine and Beer, Digital Payments, Free Wifi",https://www.tripadvisor.com/Restaurant_Review-g293962-d12459630-Reviews-The_Exchange_Restaurant_Pub-Colombo_Western_Province.html,0,0,0,0,0,0,0,0,0,0,0,0,1,0,0,0,0,0,0,0,0,0,0,0,0,0,0,0,0,0,0,0,0,0,0,0,0,0,1,0,0,0,0,0,0,1,0,0,1,0,0,0,0,0,0,0,0,0,0,0,0,0,0,1,1,0,0,0,0,1,1,0,0,0,0,0,0,1,0,0,1,0,0,0,0,0,0,0,0,0,0,0,1,0,0,1,0,0,0,0,1,0,1,0,1,0,0,1,1,1,1,1,0,0,1,Medium,0,1,0,1
PastaMania Srilanka,"502 R A De Mal Mawatha, Colombo 00300 Sri Lanka","R A De Mal Mawatha, Colombo 00300 ","[' 138,477 ', '  474,777']","Italian, Pizza","Vegetarian Friendly, Vegan Options","Breakfast, Lunch, Dinner","Outdoor Seating, Seating, Serves Alcohol, Full Bar, Reservations, Parking Available, Wheelchair Accessible, Table Service",https://www.tripadvisor.com/Restaurant_Review-g293962-d13990868-Reviews-PastaMania_Srilanka-Colombo_Western_Province.html,0,0,0,0,0,0,0,0,1,0,0,0,0,0,0,0,0,0,0,0,0,0,0,0,1,0,0,0,0,0,0,0,0,0,0,0,0,0,0,0,0,0,0,0,0,0,0,0,0,0,0,0,0,0,0,0,0,0,0,0,0,0,0,0,0,0,0,0,0,1,0,0,0,0,0,0,0,1,0,1,0,1,0,0,0,0,0,0,0,0,0,0,1,0,0,0,0,0,0,1,1,0,1,0,1,0,0,1,0,0,0,1,1,0,1,High,0,0,1,1
Cafe Blanca,"401 / 14E Malalasekara Mawatha, Thimbirigasyaya, Colombo 5, Colombo Sri Lanka","Malalasekara Mawatha, Thimbirigasyaya, Colombo 5, Colombo","[' 5 ', '  15']","Cafe, American, International, British, Middle Eastern","Vegetarian Friendly, Vegan Options, Gluten Free Options","Lunch, Dinner, Brunch","Outdoor Seating, Seating, Serves Alcohol, Full Bar, Reservations, Parking Available, Wheelchair Accessible, Table Service",https://www.tripadvisor.com/Restaurant_Review-g293962-d17756280-Reviews-Cafe_Blanca-Colombo_Western_Province.html,0,0,0,0,1,0,0,0,0,0,0,0,0,0,0,0,0,0,0,0,0,1,0,0,0,0,0,0,1,0,0,0,0,0,0,0,0,0,0,0,0,0,0,0,0,0,0,0,0,1,0,0,0,0,0,0,0,0,0,0,0,0,0,0,0,1,0,0,0,1,0,0,0,0,0,0,0,1,0,1,0,1,0,0,0,0,0,0,0,0,0,0,1,0,0,0,0,0,0,1,1,0,1,0,1,0,0,1,1,0,0,1,0,1,1,Low,1,0,0,1
RE.PUB.LK,"57 Hospital Street Colombo Fort, Colombo 00100 Sri Lanka","Hospital Street Colombo Fort, Colombo 00100","[' 500 ', '  40 000']","Bar, Pub","Vegetarian Friendly, Vegan Options, Gluten Free Options",Dinner,"Reservations, Seating, Serves Alcohol, Full Bar, Wine and Beer, Table Service, Outdoor Seating",https://www.tripadvisor.com/Restaurant_Review-g293962-d10742328-Reviews-RE_PUB_LK-Colombo_Western_Province.html,0,0,0,0,0,0,0,0,0,0,0,0,1,0,0,0,0,0,0,0,0,0,0,0,0,0,0,0,0,0,0,0,0,0,0,0,0,0,1,0,0,0,0,0,0,0,0,0,0,0,0,0,0,0,0,0,0,0,0,0,0,0,0,0,0,0,0,0,0,1,0,0,0,0,0,0,0,1,0,0,1,1,0,0,0,0,0,0,0,0,0,0,1,0,0,0,0,0,0,0,1,0,1,0,1,0,0,1,1,0,0,0,0,0,1,Medium,0,1,0,1
Chillax Garden Pub,"No.11 Marine Drive Wellawatta, Colombo 00600 Sri Lanka","Marine Drive Wellawatta, Colombo 00600 ","[' 989 ', '  29,674']","Seafood, European, Grill, Arabic","Vegetarian Friendly, Vegan Options, Gluten Free Options","Lunch, Dinner","Takeout, Reservations, Seating, Parking Available, Table Service",https://www.tripadvisor.com/Restaurant_Review-g293962-d12004713-Reviews-Chillax_Garden_Pub-Colombo_Western_Province.html,0,0,0,0,0,0,0,0,0,0,0,0,0,0,1,0,0,0,0,0,0,0,0,0,0,0,0,0,0,0,0,0,0,0,0,0,0,0,0,0,0,0,0,0,0,0,0,0,0,0,0,0,0,0,0,0,1,0,0,0,0,0,0,0,1,0,1,0,0,0,0,0,0,0,0,0,0,1,1,0,0,0,0,0,0,0,0,0,0,0,0,0,1,0,0,0,0,0,0,1,0,0,1,0,1,0,0,1,1,0,0,1,0,0,1,Medium,0,1,0,1
Maharaja Palace,"1A Rajakeeya Mawatha, Colombo 00700 Sri Lanka","Rajakeeya Mawatha, Colombo 00700 ","[' 500 ', '  40 000']",Indian,"Vegetarian Friendly, Vegan Options, Halal, Gluten Free Options","Lunch, Dinner","Reservations, Private Dining, Seating, Parking Available, Validated Parking, Table Service, Takeout, Live Music",https://www.tripadvisor.com/Restaurant_Review-g293962-d3659614-Reviews-Maharaja_Palace-Colombo_Western_Province.html,0,0,0,0,0,0,0,0,0,0,0,0,0,0,0,0,0,0,0,0,0,0,0,0,0,0,0,0,0,0,0,0,0,0,0,0,0,0,0,0,0,0,0,0,0,0,0,0,0,0,0,0,0,1,0,0,0,0,0,0,0,0,0,0,0,0,0,0,0,0,0,0,0,0,0,1,0,1,1,0,0,0,0,0,0,0,1,0,0,0,0,1,1,0,0,0,0,0,0,1,0,0,1,1,1,0,0,1,1,0,0,1,0,0,1,Medium,0,1,0,1
Harbour Room,"2 York St Fort, Colombo Sri Lanka","York St Fort, Colombo ","[' 500 ', '  40 000']","Sri Lankan, Seafood, Asian","Vegetarian Friendly, Vegan Options, Gluten Free Options","Dinner, Breakfast, Lunch","Reservations, Seating, Validated Parking, Serves Alcohol, Full Bar, Highchairs Available, Table Service, Live Music",https://www.tripadvisor.com/Restaurant_Review-g293962-d1133411-Reviews-Harbour_Room-Colombo_Western_Province.html,0,0,0,0,0,0,0,0,0,0,0,0,0,0,1,0,0,0,0,0,0,0,0,0,0,0,0,0,0,0,0,0,0,0,0,0,0,0,0,0,0,0,0,0,0,1,0,0,1,0,0,0,0,0,0,0,0,0,0,0,0,0,0,0,0,0,0,0,0,1,0,0,0,0,0,1,0,1,0,0,0,1,0,0,0,0,0,0,0,0,1,1,1,0,0,0,0,0,0,0,0,0,1,0,1,0,0,1,1,0,0,1,1,0,1,Medium,0,1,0,1
Acropol Restaurant,"03 Schofield Place, Colombo 00300 Sri Lanka","Schofield Place, Colombo 00300","[' 500 ', '  40 000']","Mediterranean, Middle Eastern, Lebanese","Halal, Vegetarian Friendly","Dinner, Lunch","Takeout, Reservations, Seating, Parking Available, Table Service",https://www.tripadvisor.com/Restaurant_Review-g293962-d7687978-Reviews-Acropol_Restaurant-Colombo_Western_Province.html,0,0,0,0,1,0,0,0,0,0,0,0,0,0,0,0,0,0,0,0,0,0,0,0,0,0,0,0,0,0,0,0,0,0,0,1,0,0,0,0,0,0,0,0,0,0,0,0,0,0,1,0,0,0,0,0,0,0,0,0,0,0,0,0,0,0,0,0,0,0,0,0,0,0,0,0,0,1,1,0,0,0,0,0,0,0,0,0,0,0,0,0,1,0,0,0,0,0,0,1,0,0,1,1,1,0,0,0,0,0,0,1,0,0,1,Medium,0,1,0,1
The Sandwich Factory,"10 Palm Grove Colombo 3, Colombo 00300 Sri Lanka","Palm Grove Colombo 3, Colombo 00300","[' 989 ', '  1,978']","American, Fast Food, Diner, Fusion, Healthy","Vegetarian Friendly, Halal","Breakfast, Lunch, Dinner","Outdoor Seating, Seating, Serves Alcohol, Full Bar, Reservations, Parking Available, Wheelchair Accessible, Table Service",https://www.tripadvisor.com/Restaurant_Review-g293962-d1089538-Reviews-The_Sandwich_Factory-Colombo_Western_Province.html,0,0,0,0,0,0,1,0,0,0,0,0,0,0,0,0,0,0,0,0,0,0,0,0,0,0,0,0,0,0,0,0,0,0,0,0,0,0,0,0,1,0,0,0,0,0,0,0,0,0,0,0,1,0,0,0,0,0,0,0,1,0,0,0,0,1,0,0,0,1,0,0,0,0,0,0,0,1,0,1,0,1,0,0,0,0,0,0,0,0,0,0,1,0,0,0,0,0,0,1,1,0,1,1,1,0,0,0,0,0,0,1,1,0,1,Low,1,0,0,1
Table By Taru,"Lake Lodge,, Colombo 00300 Sri Lanka","Lake Lodge,, Colombo 00300 ","[' 500 ', '  7,000']",International,"Vegetarian Friendly, Vegan Options, Gluten Free Options","Breakfast, Lunch, Dinner, Brunch, Drinks","Takeout, Reservations, Seating, Parking Available, Table Service",https://www.tripadvisor.com/Restaurant_Review-g293962-d23033262-Reviews-Table_By_Taru-Colombo_Western_Province.html,0,0,0,0,0,0,0,0,0,0,0,0,0,0,0,0,0,0,0,0,0,0,0,0,0,0,0,0,1,0,0,0,0,0,0,0,0,0,0,0,0,0,0,0,0,0,0,0,0,0,0,0,0,0,0,0,0,0,0,0,0,0,0,0,0,0,0,0,0,0,0,0,0,0,0,0,0,1,1,0,0,0,0,0,0,0,0,0,0,0,0,0,1,0,0,0,0,0,0,1,0,0,1,0,1,0,0,1,1,1,0,1,1,1,1,Medium,0,1,0,1
WIP (Work In Progress),"Old Dutch Hospital Shopping Precinct Echelon Square, Colombo Sri Lanka","Old Dutch Hospital Shopping Precinct Echelon Square, Colombo","[' 500 ', '  40 000']",Contemporary,"Vegetarian Friendly, Vegan Options, Gluten Free Options","Dinner, Lunch, Late Night","Reservations, Seating, Outdoor Seating, Serves Alcohol, Table Service",https://www.tripadvisor.com/Restaurant_Review-g293962-d3200227-Reviews-WIP_Work_In_Progress-Colombo_Western_Province.html,0,0,0,0,0,0,0,0,0,0,0,0,0,0,0,0,0,0,0,0,0,0,0,0,0,0,0,0,0,0,1,0,0,0,0,0,0,0,0,0,0,0,0,0,0,0,0,0,0,0,0,0,0,0,0,0,0,0,0,0,0,0,0,0,0,0,0,0,0,1,0,0,0,0,0,0,0,1,0,0,0,0,0,0,0,0,0,0,0,0,0,0,1,0,0,0,0,0,0,0,1,0,1,0,1,0,0,1,1,0,1,1,0,0,1,Medium,0,1,0,1
Colombo Swimming Club,"148 Galle Road 148, Storm Lodge, Colombo 00300 Sri Lanka","Storm Lodge, Colombo 00300 ","[' 500 ', '  40 000']","Bar, Sri Lankan, Pub","Vegetarian Friendly, Vegan Options, Gluten Free Options","Lunch, Dinner","Outdoor Seating, Seating, Reservations",https://www.tripadvisor.com/Restaurant_Review-g293962-d11837476-Reviews-Colombo_Swimming_Club-Colombo_Western_Province.html,0,0,0,0,0,0,0,0,0,0,0,0,1,0,0,0,0,0,0,0,0,0,0,0,0,0,0,0,0,0,0,0,0,0,0,0,0,0,1,0,0,0,0,0,0,1,0,0,0,0,0,0,0,0,0,0,0,0,0,0,0,0,0,0,0,0,0,0,0,0,0,0,0,0,0,0,0,0,0,0,0,0,0,0,0,0,0,0,0,0,0,0,1,0,0,0,0,0,0,0,1,0,1,0,1,0,0,1,1,0,0,1,0,0,1,Medium,0,1,0,1
Kava Island Bar,"# 41 Maitland Crescent, Colombo 00700 Sri Lanka","Maitland Crescent, Colombo 00700","[' 1000 ', '  40 000']","Bar, Caribbean, Asian, Pub, Polynesian, Sri Lankan","Vegetarian Friendly, Vegan Options, Gluten Free Options",Dinner,"Accepts Credit Cards, Table Service, Reservations, Seating",https://www.tripadvisor.com/Restaurant_Review-g293962-d17711817-Reviews-Kava_Island_Bar-Colombo_Western_Province.html,0,0,0,0,0,0,0,0,0,0,0,0,1,0,0,0,0,0,0,0,0,0,0,0,0,0,0,0,0,0,0,1,0,0,0,0,0,0,1,0,0,0,1,0,0,1,0,0,1,0,0,0,0,0,0,0,0,0,0,0,0,0,0,0,0,0,0,0,0,0,0,1,0,0,0,0,0,1,0,0,0,0,0,0,0,0,0,0,0,0,0,0,1,0,0,0,0,0,0,0,0,0,1,0,1,0,0,1,1,0,0,0,0,0,1,Medium,0,1,0,1
168 Sea Food Palace,"8 Sea View Avenue, Colombo Sri Lanka","Sea View Avenue, Colombo ","[' 1000 ', '  40 000']","Chinese, Seafood, Asian","Vegetarian Friendly, Vegan Options, Gluten Free Options","Dinner, Lunch","Reservations, Seating, Table Service, Takeout, Parking Available",https://www.tripadvisor.com/Restaurant_Review-g293962-d802752-Reviews-168_Sea_Food_Palace-Colombo_Western_Province.html,0,0,0,0,0,0,0,0,0,0,0,0,0,0,1,0,0,0,0,0,0,0,0,0,0,0,0,0,0,0,0,0,0,0,0,0,0,0,0,0,0,0,0,0,0,0,0,0,1,0,0,0,0,0,0,0,0,0,0,0,0,0,0,1,0,0,0,0,0,0,0,0,0,0,0,0,0,1,1,0,0,0,0,0,0,0,0,0,0,0,0,0,1,0,0,0,0,0,0,1,0,0,1,0,1,0,0,1,1,0,0,1,0,0,1,Medium,0,1,0,1
Lattice Lounge,"25 Galle Face Center Road, Colombo Sri Lanka","Galle Face Center Road, Colombo 00300","[' 500 ', '  40 000']","Chinese, Indian, Barbecue, Thai, Sri Lankan, Bar, Asian, Pub","Vegetarian Friendly, Vegan Options, Gluten Free Options",Dinner,"Table Service, Reservations, Wheelchair Accessible",https://www.tripadvisor.com/Restaurant_Review-g293962-d12849769-Reviews-Lattice_Lounge-Colombo_Western_Province.html,0,0,0,0,0,0,0,0,0,0,0,0,1,0,0,0,0,0,0,0,0,0,1,0,0,0,0,1,0,0,0,0,0,0,0,0,0,0,1,0,0,0,0,0,0,1,0,0,1,0,0,0,0,1,0,0,0,0,0,0,0,0,0,1,0,0,0,0,0,0,0,0,0,0,0,0,0,1,0,1,0,0,0,0,0,0,0,0,0,0,0,0,1,0,0,0,0,0,0,0,0,0,0,0,1,0,0,1,1,0,0,0,0,0,1,Medium,0,1,0,1
Playtrix Sports Bar and Cafe,"137 Sir James Pieris Mawatha Colombo City Centre Mall, Colombo 00200 Sri Lanka","Sir James Pieris Mawatha Colombo City Centre Mall, Colombo 00200","[' 500 ', '  1,400']","American, Gastropub, Sri Lankan",Vegetarian Friendly,"Breakfast, Lunch, Dinner","Outdoor Seating, Seating, Serves Alcohol, Full Bar, Reservations, Parking Available, Wheelchair Accessible, Table Service",https://www.tripadvisor.com/Restaurant_Review-g293962-d7931108-Reviews-Playtrix_Sports_Bar_and_Cafe-Colombo_Western_Province.html,0,0,0,0,0,0,0,0,0,0,0,0,0,0,0,0,0,0,0,0,0,0,0,1,0,0,0,0,0,0,0,0,0,0,0,0,0,0,0,0,0,0,0,0,0,1,0,0,0,0,0,0,0,0,0,0,0,0,0,0,0,0,0,0,0,1,0,0,0,1,0,0,0,0,0,0,0,1,0,1,0,1,0,0,0,0,0,0,0,0,0,0,1,0,0,0,0,0,0,1,1,0,1,0,1,0,0,0,0,0,0,1,1,0,1,Low,1,0,0,1
Cafe Colombo,"L6/5,One Galle Face Mall, 1A, Centre Road, Galle Face, Colombo 00200 Sri Lanka","Galle Face mall, Colombo 00200","['1,500 ', ' 2,500']","Bar, Seafood, Pub","Vegetarian Friendly, Vegan Options","Breakfast, Lunch, Dinner, Brunch, Late Night, Drinks","Reservations, Outdoor Seating, Private Dining, Parking Available, Highchairs Available, Wheelchair Accessible, Wine and Beer, Free Wifi, Accepts Credit Cards, Table Service",https://www.tripadvisor.com/Restaurant_Review-g293962-d19468091-Reviews-Cafe_Colombo-Colombo_Western_Province.html,0,0,0,0,0,0,0,0,0,0,0,0,1,0,1,0,0,0,0,0,0,0,0,0,0,0,0,0,0,0,0,0,0,0,0,0,0,0,1,0,0,0,0,0,0,0,0,0,0,0,0,0,0,0,0,0,0,0,0,0,0,0,0,0,0,0,0,0,0,0,0,1,0,0,0,0,0,1,0,1,1,0,0,0,0,0,1,0,0,0,1,0,1,0,0,1,0,0,0,1,1,0,1,0,1,0,0,1,0,1,1,1,1,1,1,Low,1,0,0,1
Coffee Club,"15 Fife Road Colombo  5, Colombo Sri Lanka","Fife Road Colombo  5, Colombo","['1,500 ', ' 2,500']","Chinese, Cafe, Barbecue, Asian, Italian","Vegetarian Friendly, Vegan Options","Lunch, Dinner, Late Night, Drinks","Takeout, Reservations, Outdoor Seating, Private Dining, Seating, Parking Available, Television, Free Wifi, Accepts Credit Cards, Table Service, Family style",https://www.tripadvisor.com/Restaurant_Review-g293962-d18543223-Reviews-Coffee_Club-Colombo_Western_Province.html,0,0,0,0,0,0,0,0,0,0,0,0,1,0,0,0,0,0,0,0,0,1,1,0,1,0,0,0,0,0,0,0,0,0,0,0,0,0,0,0,0,0,0,0,0,0,0,0,1,0,0,0,0,0,0,0,0,0,0,0,0,0,0,1,0,0,0,0,0,0,0,1,0,0,0,0,1,1,1,0,0,0,0,0,0,0,1,0,0,1,0,0,1,0,0,1,0,0,0,1,1,0,1,0,1,0,0,1,0,1,1,1,0,0,1,Low,1,0,0,1
